,team2,t2_score,Unnamed: 0,team1,t1_score,id,season,city,date,toss_winner,toss_decision,result,dl_applied,winner,win_by_runs,win_by_wickets,player_of_match,venue,umpire1,umpire2,umpire3
0,9,1.407,93,2,1.303,118,2009,13,4/18/2009,9,1,normal,0,2,19,0,SR Tendulkar,Newlands,BR Doctrove,K Hariharan,
1,9,1.407,99,2,1.303,162,2009,14,5/16/2009,2,2,normal,0,9,0,7,ML Hayden,St George's Park,SK Tarapore,SJA Taufel,
2,9,1.407,113,2,1.303,257,2011,6,4/22/2011,9,1,normal,0,2,8,0,Harbhajan Singh,Wankhede Stadium,Asad Rauf,AM Saheba,
3,9,1.407,126,2,1.303,386,2013,12,4/6/2013,2,2,normal,0,2,9,0,KA Pollard,"MA Chidambaram Stadium, Chepauk",M Erasmus,VA Kulkarni,
4,9,1.407,133,2,1.303,430,2013,6,5/5/2013,2,2,normal,0,2,60,0,MG Johnson,Wankhede Stadium,HDPK Dharmasena,CK Nandan,
5,9,1.407,136,2,1.303,457,2013,7,5/26/2013,2,2,normal,0,2,23,0,KA Pollard,Eden Gardens,HDPK Dharmasena,SJA Taufel,
6,9,1.407,138,2,1.303,470,2014,31,4/25/2014,2,2,normal,0,9,0,7,MM Sharma,Dubai International Cricket Stadium,BF Bowden,M Erasmus,
7,9,1.407,141,2,1.303,490,2014,6,5/10/2014,9,1,normal,0,9,0,4,DR Smith,Wankhede Stadium,HDPK Dharmasena,VA Kulkarni,
8,9,1.407,145,2,1.303,515,2014,6,5/28/2014,9,1,normal,0,9,0,7,SK Raina,Brabourne Stadium,VA Kulkarni,BNJ Oxenford,
9,9,1.407,148,2,1.303,530,2015,6,4/17/2015,2,2,normal,0,9,0,6,A Nehra,Wankhede Stadium,AK Chaudhary,M Erasmus,
10,9,1.407,154,2,1.303,573,2015,6,5/19/2015,2,2,normal,0,2,25,0,KA Pollard,Wankhede Stadium,HDPK Dharmasena,RK Illingworth,
11,9,1.407,155,2,1.303,576,2015,7,5/24/2015,9,1,normal,0,2,41,0,RG Sharma,Eden Gardens,HDPK Dharmasena,RK Illingworth,
12,9,1.407,163,2,1.303,637,2018,6,7-Apr,9,1,,,9,,,,,,,
13,9,1.407,179,1,0.33,414,2013,12,4/25/2013,1,2,normal,0,9,0,5,MS Dhoni,"MA Chidambaram Stadium, Chepauk",Aleem Dar,S Das,
14,9,1.407,188,1,0.33,474,2014,30,4/27/2014,1,2,normal,0,9,0,5,DR Smith,Sharjah Cricket Stadium,AK Chaudhary,VA Kulkarni,
15,9,1.407,199,1,0.33,551,2015,1,5/2/2015,9,1,normal,0,1,22,0,DA Warner,"Rajiv Gandhi International Stadium, Uppal",AK Chaudhary,K Srinivasan,
16,9,1.407,225,7,1.226,87,2008,8,5/8/2008,9,1,normal,0,9,0,4,MS Dhoni,Feroz Shah Kotla,Aleem Dar,RB Tiffin,
17,9,1.407,229,7,1.226,125,2009,15,4/23/2009,7,2,normal,0,7,9,0,AB de Villiers,Kingsmead,BR Doctrove,SJA Taufel,
18,9,1.407,236,7,1.226,185,2010,8,3/19/2010,7,2,normal,0,9,0,5,ML Hayden,Feroz Shah Kotla,BR Doctrove,SK Tarapore,
19,9,1.407,252,7,1.226,364,2012,12,5/12/2012,9,1,normal,0,9,0,9,BW Hilfenhaus,"MA Chidambaram Stadium, Chepauk",S Das,BR Doctrove,
20,9,1.407,262,7,1.226,483,2014,8,5/5/2014,9,1,normal,0,9,0,8,DR Smith,Feroz Shah Kotla,RM Deshpande,BNJ Oxenford,
21,9,1.407,298,8,1.092,116,2008,6,5/31/2008,8,2,normal,0,9,0,9,M Ntini,Wankhede Stadium,Asad Rauf,DJ Harper,
22,9,1.407,307,8,1.092,190,2010,12,3/21/2010,9,1,tie,0,8,0,0,J Theron,"MA Chidambaram Stadium, Chepauk",K Hariharan,DJ Harper,
23,9,1.407,312,8,1.092,228,2010,24,4/18/2010,9,1,normal,0,9,0,6,MS Dhoni,Himachal Pradesh Cricket Association Stadium,BF Bowden,AM Saheba,
24,9,1.407,324,8,1.092,343,2012,12,4/28/2012,8,2,normal,0,8,7,0,Mandeep Singh,"MA Chidambaram Stadium, Chepauk",BF Bowden,SK Tarapore,
25,9,1.407,328,8,1.092,391,2013,9,4/10/2013,9,1,normal,0,9,0,10,MEK Hussey,"Punjab Cricket Association Stadium, Mohali",Aleem Dar,C Shamshuddin,
26,9,1.407,339,8,1.092,486,2014,22,5/7/2014,9,1,normal,0,8,44,0,GJ Maxwell,Barabati Stadium,HDPK Dharmasena,PG Pathak,
27,9,1.407,344,8,1.092,516,2014,6,5/30/2014,9,1,normal,0,8,24,0,V Sehwag,Wankhede Stadium,HDPK Dharmasena,RJ Tucker,
28,9,1.407,352,8,1.092,569,2015,9,5/16/2015,8,2,normal,0,9,0,7,P Negi,"Punjab Cricket Association Stadium, Mohali",CK Nandan,C Shamshuddin,
29,9,1.407,362,8,1.092,648,2018,32,15-Apr,9,1,,,8,,,,,,,
30,9,1.407,370,10,1.56,110,2008,12,5/24/2008,10,2,normal,0,10,10,0,JA Morkel,"MA Chidambaram Stadium, Chepauk",DJ Harper,SL Shastri,
31,9,1.407,374,10,1.56,152,2009,19,5/9/2009,10,2,normal,0,9,0,7,S Badrinath,De Beers Diamond Oval,GAV Baxter,HDPK Dharmasena,
32,9,1.407,381,10,1.56,198,2010,21,3/28/2010,10,2,normal,0,10,17,0,NV Ojha,"Sardar Patel Stadium, Motera",SS Hazare,SJA Taufel,
33,9,1.407,387,10,1.56,276,2011,12,5/4/2011,10,2,normal,0,9,0,8,MEK Hussey,"MA Chidambaram Stadium, Chepauk",SS Hazare,RB Tiffin,
34,9,1.407,394,10,1.56,334,2012,12,4/21/2012,10,2,normal,0,9,0,7,F du Plessis,"MA Chidambaram Stadium, Chepauk",Aleem Dar,BNJ Oxenford,
35,9,1.407,397,10,1.56,361,2012,11,5/10/2012,9,1,normal,0,9,0,4,BW Hilfenhaus,Sawai Mansingh Stadium,BNJ Oxenford,C Shamshuddin,
36,9,1.407,406,10,1.56,410,2013,12,4/22/2013,10,2,normal,0,9,0,5,MEK Hussey,"MA Chidambaram Stadium, Chepauk",S Asnani,AK Chaudhary,
37,9,1.407,412,10,1.56,494,2014,28,5/13/2014,10,2,normal,0,9,0,5,RA Jadeja,JSCA International Stadium Complex,BNJ Oxenford,C Shamshuddin,
38,9,1.407,431,6,1.011,71,2008,12,4/26/2008,6,2,normal,0,9,0,9,JDP Oram,"MA Chidambaram Stadium, Chepauk",BF Bowden,AV Jayaprakash,
39,9,1.407,437,6,1.011,103,2008,7,5/18/2008,6,2,normal,1,9,3,0,M Ntini,Eden Gardens,Asad Rauf,K Hariharan,
40,9,1.407,453,6,1.011,222,2010,12,4/13/2010,6,2,normal,0,9,0,9,R Ashwin,"MA Chidambaram Stadium, Chepauk",SS Hazare,SJA Taufel,
41,9,1.407,465,6,1.011,368,2012,7,5/14/2012,9,1,normal,0,9,0,5,MEK Hussey,Eden Gardens,JD Cloete,SJA Taufel,
42,9,1.407,471,6,1.011,406,2013,7,4/20/2013,6,2,normal,0,9,0,4,RA Jadeja,Eden Gardens,Asad Rauf,AK Chaudhary,
43,9,1.407,492,6,1.011,641,2018,12,4/10/2018,9,1,,,9,,,,,,,
44,9,1.407,497,6,1.011,669,2018,7,3-May,6,1,,,6,,,,,,,
45,9,1.407,511,5,0.995,107,2008,12,5/21/2008,5,2,normal,0,5,14,0,A Kumble,"MA Chidambaram Stadium, Chepauk",DJ Harper,I Shivram,
46,9,1.407,520,5,0.995,192,2010,5,3/23/2010,9,1,normal,0,5,36,0,RV Uthappa,M Chinnaswamy Stadium,RE Koertzen,RB Tiffin,
47,9,1.407,521,5,0.995,202,2010,12,3/31/2010,5,2,normal,0,9,0,5,M Vijay,"MA Chidambaram Stadium, Chepauk",BG Jerling,RE Koertzen,
48,9,1.407,526,5,0.995,304,2011,6,5/24/2011,9,1,normal,0,9,0,6,SK Raina,Wankhede Stadium,Asad Rauf,SJA Taufel,
49,9,1.407,529,5,0.995,320,2012,12,4/12/2012,5,2,normal,0,9,0,5,F du Plessis,"MA Chidambaram Stadium, Chepauk",HDPK Dharmasena,RJ Tucker,
50,9,1.407,537,5,0.995,396,2013,12,4/13/2013,9,1,normal,0,9,0,4,RA Jadeja,"MA Chidambaram Stadium, Chepauk",Asad Rauf,AK Chaudhary,
51,9,1.407,545,5,0.995,452,2013,5,5/18/2013,9,1,normal,0,5,24,0,V Kohli,M Chinnaswamy Stadium,C Shamshuddin,RJ Tucker,
52,9,1.407,551,5,0.995,510,2014,5,5/24/2014,9,1,normal,0,9,0,8,MS Dhoni,M Chinnaswamy Stadium,AK Chaudhary,NJ Llong,
53,9,1.407,557,5,0.995,575,2015,28,5/22/2015,9,1,normal,0,9,0,3,A Nehra,JSCA International Stadium Complex,AK Chaudhary,CB Gaffaney,
54,9,1.407,569,5,0.995,660,2018,5,25-Apr,9,1,,,9,,,,,,,
55,2,1.303,1,9,1.407,67,2008,12,4/23/2008,2,1,normal,0,9,6,0,ML Hayden,"MA Chidambaram Stadium, Chepauk",DJ Harper,GA Pratapkumar,
56,2,1.303,7,9,1.407,96,2008,6,5/14/2008,2,1,normal,0,2,0,9,ST Jayasuriya,Wankhede Stadium,BR Doctrove,AM Saheba,
57,2,1.303,20,9,1.407,194,2010,6,3/25/2010,2,1,normal,0,2,0,5,SR Tendulkar,Brabourne Stadium,BF Bowden,AM Saheba,
58,2,1.303,22,9,1.407,211,2010,12,4/6/2010,9,2,normal,0,9,24,0,SK Raina,"MA Chidambaram Stadium, Chepauk",S Asnani,DJ Harper,
59,2,1.303,26,9,1.407,234,2010,6,4/25/2010,9,2,normal,0,9,22,0,SK Raina,Dr DY Patil Sports Academy,RE Koertzen,SJA Taufel,
60,2,1.303,39,9,1.407,308,2012,12,4/4/2012,2,1,normal,0,2,0,8,RE Levi,"MA Chidambaram Stadium, Chepauk",JD Cloete,SJA Taufel,
61,2,1.303,46,9,1.407,355,2012,6,5/6/2012,2,1,normal,0,2,0,2,DR Smith,Wankhede Stadium,Asad Rauf,S Asnani,
62,2,1.303,48,9,1.407,379,2012,5,5/23/2012,2,1,normal,0,9,38,0,MS Dhoni,M Chinnaswamy Stadium,BF Bowden,HDPK Dharmasena,
63,2,1.303,58,9,1.407,454,2013,8,5/21/2013,9,2,normal,0,9,48,0,MEK Hussey,Feroz Shah Kotla,NJ Llong,RJ Tucker,
64,2,1.303,74,9,1.407,559,2015,12,5/8/2015,9,2,normal,0,2,0,6,HH Pandya,"MA Chidambaram Stadium, Chepauk",CB Gaffaney,CK Nandan,
65,2,1.303,79,9,1.407,663,2018,2,28-Apr,2,1,,,2,,,,,,,
66,2,1.303,169,1,0.33,10,2017,6,4/12/2017,2,1,normal,0,2,0,4,JJ Bumrah,Wankhede Stadium,Nitin Menon,CK Nandan,
67,2,1.303,183,1,0.33,444,2013,6,5/13/2013,1,2,normal,0,2,0,7,KA Pollard,Wankhede Stadium,AK Chaudhary,SJA Taufel,
68,2,1.303,189,1,0.33,477,2014,31,4/30/2014,2,1,normal,0,1,15,0,B Kumar,Dubai International Cricket Stadium,HDPK Dharmasena,M Erasmus,
69,2,1.303,192,1,0.33,493,2014,1,5/12/2014,1,2,normal,0,2,0,7,AT Rayudu,"Rajiv Gandhi International Stadium, Uppal",HDPK Dharmasena,VA Kulkarni,
70,2,1.303,204,1,0.33,572,2015,1,5/17/2015,1,2,normal,0,2,0,9,MJ McClenaghan,"Rajiv Gandhi International Stadium, Uppal",CB Gaffaney,K Srinath,
71,2,1.303,208,1,0.33,613,2016,26,5/8/2016,2,1,normal,0,1,85,0,A Nehra,Dr. Y.S. Rajasekhara Reddy ACA-VDCA Cricket Stadium,S Ravi,C Shamshuddin,
72,2,1.303,214,1,0.33,659,2018,6,24-Apr,2,1,,,1,,,,,,,
73,2,1.303,242,7,1.226,238,2011,8,4/10/2011,7,2,normal,0,2,0,8,SL Malinga,Feroz Shah Kotla,AM Saheba,RB Tiffin,
74,2,1.303,249,7,1.226,342,2012,8,4/27/2012,2,1,normal,0,7,37,0,V Sehwag,Feroz Shah Kotla,Aleem Dar,BNJ Oxenford,
75,2,1.303,270,7,1.226,539,2015,8,4/23/2015,2,1,normal,0,7,37,0,SS Iyer,Feroz Shah Kotla,SD Fry,CK Nandan,
76,2,1.303,272,7,1.226,556,2015,6,5/5/2015,7,2,normal,0,2,0,5,Harbhajan Singh,Wankhede Stadium,HDPK Dharmasena,CB Gaffaney,
77,2,1.303,275,7,1.226,593,2016,8,4/23/2016,2,1,normal,0,7,10,0,SV Samson,Feroz Shah Kotla,S Ravi,C Shamshuddin,
78,2,1.303,285,8,1.092,22,2017,4,4/20/2017,2,1,normal,0,2,0,8,JC Buttler,Holkar Cricket Stadium,M Erasmus,C Shamshuddin,
79,2,1.303,290,8,1.092,50,2017,6,5/11/2017,2,1,normal,0,8,7,0,WP Saha,Wankhede Stadium,A Deshmukh,A Nand Kishore,
80,2,1.303,293,8,1.092,69,2008,9,4/25/2008,2,1,normal,0,8,66,0,KC Sangakkara,"Punjab Cricket Association Stadium, Mohali",Aleem Dar,AM Saheba,
81,2,1.303,296,8,1.092,106,2008,6,5/21/2008,2,1,normal,0,8,1,0,SE Marsh,Wankhede Stadium,BF Bowden,GA Pratapkumar,
82,2,1.303,302,8,1.092,135,2009,15,4/29/2009,8,2,normal,0,8,3,0,KC Sangakkara,Kingsmead,MR Benson,SL Shastri,
83,2,1.303,303,8,1.092,157,2009,16,5/12/2009,8,2,normal,0,2,0,8,Harbhajan Singh,SuperSport Park,SS Hazare,RE Koertzen,
84,2,1.303,308,8,1.092,201,2010,6,3/30/2010,2,1,normal,0,2,0,4,SL Malinga,Brabourne Stadium,BR Doctrove,SK Tarapore,
85,2,1.303,317,8,1.092,287,2011,9,5/10/2011,2,1,normal,0,8,76,0,BA Bhatt,"Punjab Cricket Association Stadium, Mohali",SK Tarapore,RJ Tucker,
86,2,1.303,323,8,1.092,340,2012,9,4/25/2012,8,2,normal,0,2,0,4,AT Rayudu,"Punjab Cricket Association Stadium, Mohali",Aleem Dar,BNJ Oxenford,
87,2,1.303,335,8,1.092,450,2013,24,5/18/2013,2,1,normal,0,8,50,0,Azhar Mahmood,Himachal Pradesh Cricket Association Stadium,HDPK Dharmasena,CK Nandan,
88,2,1.303,338,8,1.092,479,2014,6,5/3/2014,8,2,normal,0,2,0,5,CJ Anderson,Wankhede Stadium,BNJ Oxenford,C Shamshuddin,
89,2,1.303,342,8,1.092,505,2014,9,5/21/2014,2,1,normal,0,2,0,7,LMP Simmons,"Punjab Cricket Association Stadium, Mohali",HDPK Dharmasena,VA Kulkarni,
90,2,1.303,346,8,1.092,524,2015,6,4/12/2015,2,1,normal,0,8,18,0,GJ Bailey,Wankhede Stadium,AK Chaudhary,K Srinivasan,
91,2,1.303,365,8,1.092,670,2018,4,4-May,2,1,,,2,,,,,,,
92,2,1.303,368,10,1.56,86,2008,6,5/7/2008,2,1,normal,0,2,0,7,A Nehra,Dr DY Patil Sports Academy,DJ Harper,RE Koertzen,
93,2,1.303,375,10,1.56,160,2009,15,5/14/2009,10,2,normal,0,10,2,0,SK Warne,Kingsmead,BR Doctrove,DJ Harper,
94,2,1.303,400,10,1.56,377,2012,11,5/20/2012,10,2,normal,0,2,0,10,DR Smith,Sawai Mansingh Stadium,HDPK Dharmasena,C Shamshuddin,
95,2,1.303,404,10,1.56,403,2013,11,4/17/2013,10,2,normal,0,10,87,0,AM Rahane,Sawai Mansingh Stadium,Aleem Dar,C Shamshuddin,
96,2,1.303,408,10,1.56,456,2013,7,5/24/2013,10,2,normal,0,2,0,4,Harbhajan Singh,Eden Gardens,C Shamshuddin,SJA Taufel,
97,2,1.303,414,10,1.56,513,2014,6,5/25/2014,2,1,normal,0,2,0,5,CJ Anderson,Wankhede Stadium,K Srinath,RJ Tucker,
98,2,1.303,424,6,1.011,7,2017,6,4/9/2017,2,1,normal,0,2,0,4,N Rana,Wankhede Stadium,Nitin Menon,CK Nandan,
99,2,1.303,429,6,1.011,58,2017,5,5/19/2017,2,1,normal,0,2,0,6,KV Sharma,M Chinnaswamy Stadium,NJ Llong,Nitin Menon,
100,2,1.303,432,6,1.011,75,2008,7,4/29/2008,6,2,normal,0,2,0,7,ST Jayasuriya,Eden Gardens,BF Bowden,AV Jayaprakash,
101,2,1.303,436,6,1.011,99,2008,6,5/16/2008,2,1,normal,0,2,0,8,SM Pollock,Wankhede Stadium,BR Doctrove,DJ Harper,
102,2,1.303,447,6,1.011,191,2010,6,3/22/2010,6,2,normal,0,2,0,7,SR Tendulkar,Brabourne Stadium,SS Hazare,SJA Taufel,
103,2,1.303,459,6,1.011,303,2011,7,5/22/2011,2,1,normal,0,2,0,5,JEC Franklin,Eden Gardens,SK Tarapore,SJA Taufel,
104,2,1.303,460,6,1.011,305,2011,6,5/25/2011,2,1,normal,0,2,0,4,MM Patel,Wankhede Stadium,Asad Rauf,SJA Taufel,
105,2,1.303,466,6,1.011,370,2012,6,5/16/2012,2,1,normal,0,6,32,0,SP Narine,Wankhede Stadium,S Das,BR Doctrove,
106,2,1.303,472,6,1.011,413,2013,7,4/24/2013,6,2,normal,0,2,0,5,DR Smith,Eden Gardens,HDPK Dharmasena,S Ravi,
107,2,1.303,476,6,1.011,458,2014,29,4/16/2014,6,2,normal,0,6,41,0,JH Kallis,Sheikh Zayed Stadium,M Erasmus,RK Illingworth,
108,2,1.303,485,6,1.011,581,2016,7,4/13/2016,2,1,normal,0,2,0,6,RG Sharma,Eden Gardens,Nitin Menon,S Ravi,
109,2,1.303,486,6,1.011,600,2016,6,4/28/2016,2,1,normal,0,2,0,6,RG Sharma,Wankhede Stadium,Nitin Menon,RJ Tucker,
110,2,1.303,500,5,0.995,12,2017,5,4/14/2017,2,1,normal,0,2,0,4,KA Pollard,M Chinnaswamy Stadium,KN Ananthapadmanabhan,AK Chaudhary,
111,2,1.303,503,5,0.995,37,2017,6,5/1/2017,5,2,normal,0,2,0,5,RG Sharma,Wankhede Stadium,AK Chaudhary,CB Gaffaney,
112,2,1.303,508,5,0.995,90,2008,5,5/28/2008,2,1,normal,0,2,0,9,CRD Fernando,M Chinnaswamy Stadium,BF Bowden,AV Jayaprakash,
113,2,1.303,523,5,0.995,242,2011,5,4/12/2011,2,1,normal,0,2,0,9,SR Tendulkar,M Chinnaswamy Stadium,HDPK Dharmasena,AL Hill,
114,2,1.303,527,5,0.995,306,2011,12,5/27/2011,2,1,normal,0,5,43,0,CH Gayle,"MA Chidambaram Stadium, Chepauk",Asad Rauf,SJA Taufel,
115,2,1.303,533,5,0.995,367,2012,5,5/14/2012,2,1,normal,0,2,0,5,AT Rayudu,M Chinnaswamy Stadium,S Das,BR Doctrove,
116,2,1.303,535,5,0.995,383,2013,5,4/4/2013,2,1,normal,0,5,2,0,CH Gayle,M Chinnaswamy Stadium,VA Kulkarni,C Shamshuddin,
117,2,1.303,555,5,0.995,562,2015,6,5/10/2015,5,2,normal,0,5,39,0,AB de Villiers,Wankhede Stadium,JD Cloete,C Shamshuddin,
118,2,1.303,560,5,0.995,590,2016,6,4/20/2016,2,1,normal,0,2,0,6,RG Sharma,Wankhede Stadium,AK Chaudhary,CK Nandan,
119,2,1.303,565,5,0.995,617,2016,5,5/11/2016,2,1,normal,0,2,0,6,KH Pandya,M Chinnaswamy Stadium,AY Dandekar,C Shamshuddin,
120,2,1.303,570,5,0.995,667,2018,5,1-May,2,1,,,5,,,,,,,
121,1,0.33,55,9,1.407,435,2013,1,5/8/2013,1,1,normal,0,9,77,0,SK Raina,"Rajiv Gandhi International Stadium, Uppal",S Das,NJ Llong,
122,1,0.33,65,9,1.407,507,2014,28,5/22/2014,1,1,normal,0,1,0,6,DA Warner,JSCA International Stadium Complex,BNJ Oxenford,C Shamshuddin,
123,1,0.33,67,9,1.407,521,2015,12,4/11/2015,9,2,normal,0,9,45,0,BB McCullum,"MA Chidambaram Stadium, Chepauk",RK Illingworth,VA Kulkarni,
124,1,0.33,78,9,1.407,656,2018,1,22-Apr,1,1,,,9,,,,,,,
125,1,0.33,84,2,1.303,47,2017,1,5/8/2017,2,2,normal,0,1,0,7,S Dhawan,"Rajiv Gandhi International Stadium, Uppal",KN Ananthapadmanabhan,M Erasmus,
126,1,0.33,132,2,1.303,423,2013,1,5/1/2013,2,2,normal,0,1,0,7,I Sharma,"Rajiv Gandhi International Stadium, Uppal",Asad Rauf,S Asnani,
127,1,0.33,150,2,1.303,541,2015,6,4/25/2015,2,2,normal,0,2,20,0,SL Malinga,Wankhede Stadium,HDPK Dharmasena,CB Gaffaney,
128,1,0.33,158,2,1.303,588,2016,1,4/18/2016,1,1,normal,0,1,0,7,DA Warner,"Rajiv Gandhi International Stadium, Uppal",HDPK Dharmasena,VK Sharma,
129,1,0.33,164,2,1.303,643,2018,1,4/12/2018,1,1,,,1,,,,,,,
130,1,0.33,254,7,1.226,394,2013,8,4/12/2013,7,2,normal,0,1,0,3,A Mishra,Feroz Shah Kotla,Aleem Dar,Subroto Das,
131,1,0.33,257,7,1.226,428,2013,1,5/4/2013,7,2,normal,0,1,0,6,DJG Sammy,"Rajiv Gandhi International Stadium, Uppal",Asad Rauf,S Asnani,
132,1,0.33,264,7,1.226,489,2014,8,5/10/2014,1,1,normal,1,1,0,8,DW Steyn,Feroz Shah Kotla,RM Deshpande,BNJ Oxenford,
133,1,0.33,268,7,1.226,531,2015,26,4/18/2015,7,2,normal,0,7,4,0,JP Duminy,Dr. Y.S. Rajasekhara Reddy ACA-VDCA Cricket Stadium,PG Pathak,S Ravi,
134,1,0.33,331,8,1.092,405,2013,1,4/19/2013,8,2,normal,0,1,0,5,GH Vihari,"Rajiv Gandhi International Stadium, Uppal",HDPK Dharmasena,CK Nandan,
135,1,0.33,336,8,1.092,466,2014,30,4/22/2014,1,1,normal,0,8,72,0,GJ Maxwell,Sharjah Cricket Stadium,M Erasmus,S Ravi,
136,1,0.33,356,8,1.092,594,2016,1,4/23/2016,1,1,normal,0,1,0,5,Mustafizur Rahman,"Rajiv Gandhi International Stadium, Uppal",AK Chaudhary,CK Nandan,
137,1,0.33,359,8,1.092,622,2016,9,5/15/2016,8,2,normal,0,1,0,7,HM Amla,"Punjab Cricket Association IS Bindra Stadium, Mohali",KN Ananthapadmanabhan,M Erasmus,
138,1,0.33,363,8,1.092,652,2018,32,19-Apr,8,2,,,8,,,,,,,
139,1,0.33,420,10,1.56,640,2018,1,9-Apr,1,1,,,10,,,,,,,
140,1,0.33,425,6,1.011,14,2017,7,4/15/2017,1,1,normal,0,6,17,0,RV Uthappa,Eden Gardens,AY Dandekar,NJ Llong,
141,1,0.33,470,6,1.011,397,2013,7,4/14/2013,6,2,normal,0,6,48,0,G Gambhir,Eden Gardens,M Erasmus,VA Kulkarni,
142,1,0.33,475,6,1.011,453,2013,1,5/19/2013,6,2,normal,0,1,0,5,PA Patel,"Rajiv Gandhi International Stadium, Uppal",Asad Rauf,S Asnani,
143,1,0.33,484,6,1.011,555,2015,7,5/4/2015,1,1,normal,0,6,35,0,UT Yadav,Eden Gardens,AK Chaudhary,M Erasmus,
144,1,0.33,491,6,1.011,631,2016,7,5/22/2016,1,1,normal,0,6,22,0,YK Pathan,Eden Gardens,KN Ananthapadmanabhan,M Erasmus,
145,1,0.33,493,6,1.011,646,2018,7,14-Apr,1,1,,,1,,,,,,,
146,1,0.33,536,5,0.995,388,2013,1,4/7/2013,5,2,tie,0,1,0,0,GH Vihari,"Rajiv Gandhi International Stadium, Uppal",AK Chaudhary,S Ravi,
147,1,0.33,550,5,0.995,503,2014,1,5/20/2014,5,2,normal,0,1,0,7,DA Warner,"Rajiv Gandhi International Stadium, Uppal",AK Chaudhary,NJ Llong,
148,1,0.33,552,5,0.995,525,2015,5,4/13/2015,1,1,normal,0,1,0,8,DA Warner,M Chinnaswamy Stadium,RM Deshpande,RK Illingworth,
149,1,0.33,558,5,0.995,580,2016,5,4/12/2016,1,1,normal,0,5,45,0,AB de Villiers,M Chinnaswamy Stadium,HDPK Dharmasena,VK Sharma,
150,7,1.226,3,9,1.407,79,2008,12,5/2/2008,9,2,normal,0,7,0,8,V Sehwag,"MA Chidambaram Stadium, Chepauk",BF Bowden,K Hariharan,
151,7,1.226,12,9,1.407,141,2009,18,5/2/2009,7,1,normal,0,9,18,0,SB Jakati,New Wanderers Stadium,DJ Harper,RE Koertzen,
152,7,1.226,24,9,1.407,224,2010,12,4/15/2010,9,2,normal,0,7,0,6,G Gambhir,"MA Chidambaram Stadium, Chepauk",HDPK Dharmasena,SS Hazare,
153,7,1.226,35,9,1.407,289,2011,12,5/12/2011,9,2,normal,0,9,18,0,MS Dhoni,"MA Chidambaram Stadium, Chepauk",AM Saheba,SL Shastri,
154,7,1.226,41,9,1.407,318,2012,8,4/10/2012,7,1,normal,0,7,0,8,M Morkel,Feroz Shah Kotla,Asad Rauf,SK Tarapore,
155,7,1.226,49,9,1.407,380,2012,12,5/25/2012,7,1,normal,0,9,86,0,M Vijay,"MA Chidambaram Stadium, Chepauk",BR Doctrove,SJA Taufel,
156,7,1.226,51,9,1.407,404,2013,8,4/18/2013,9,2,normal,0,9,86,0,MEK Hussey,Feroz Shah Kotla,M Erasmus,VA Kulkarni,
157,7,1.226,57,9,1.407,446,2013,12,5/14/2013,9,2,normal,0,9,33,0,MS Dhoni,"MA Chidambaram Stadium, Chepauk",C Shamshuddin,RJ Tucker,
158,7,1.226,60,9,1.407,465,2014,29,4/21/2014,9,2,normal,0,9,93,0,SK Raina,Sheikh Zayed Stadium,RK Illingworth,C Shamshuddin,
159,7,1.226,66,9,1.407,519,2015,12,4/9/2015,7,1,normal,0,9,1,0,A Nehra,"MA Chidambaram Stadium, Chepauk",RK Illingworth,VA Kulkarni,
160,7,1.226,76,9,1.407,565,2015,27,5/12/2015,9,2,normal,0,7,0,6,Z Khan,Shaheed Veer Narayan Singh International Stadium,RK Illingworth,VA Kulkarni,
161,7,1.226,80,9,1.407,666,2018,2,30-Apr,7,1,,,9,,,,,,,
162,7,1.226,82,2,1.303,24,2017,6,4/22/2017,7,1,normal,0,2,14,0,MJ McClenaghan,Wankhede Stadium,A Nand Kishore,S Ravi,
163,7,1.226,83,2,1.303,44,2017,8,5/6/2017,7,1,normal,0,2,146,0,LMP Simmons,Feroz Shah Kotla,Nitin Menon,CK Nandan,
164,7,1.226,89,2,1.303,82,2008,6,5/4/2008,7,1,normal,0,2,29,0,SM Pollock,Dr DY Patil Sports Academy,IL Howell,RE Koertzen,
165,7,1.226,91,2,1.303,109,2008,8,5/24/2008,7,1,normal,0,7,0,5,KD Karthik,Feroz Shah Kotla,BF Bowden,K Hariharan,
166,7,1.226,97,2,1.303,150,2009,17,5/8/2009,2,2,normal,0,7,0,7,A Nehra,Buffalo Park,M Erasmus,SK Tarapore,
167,7,1.226,100,2,1.303,170,2009,16,5/21/2009,7,1,normal,0,7,0,4,V Sehwag,SuperSport Park,IL Howell,S Ravi,
168,7,1.226,102,2,1.303,183,2010,8,3/17/2010,7,1,normal,0,2,98,0,SR Tendulkar,Feroz Shah Kotla,BR Doctrove,SK Tarapore,
169,7,1.226,108,2,1.303,221,2010,6,4/13/2010,2,2,normal,0,2,39,0,KA Pollard,Brabourne Stadium,S Asnani,DJ Harper,
170,7,1.226,118,2,1.303,282,2011,6,5/7/2011,7,1,normal,0,2,32,0,AT Rayudu,Wankhede Stadium,K Hariharan,SJA Taufel,
171,7,1.226,121,2,1.303,327,2012,6,4/16/2012,7,1,normal,0,7,0,7,S Nadeem,Wankhede Stadium,BF Bowden,SK Tarapore,
172,7,1.226,127,2,1.303,390,2013,6,4/9/2013,2,2,normal,0,2,44,0,KD Karthik,Wankhede Stadium,M Erasmus,VA Kulkarni,
173,7,1.226,129,2,1.303,408,2013,8,4/21/2013,2,2,normal,0,7,0,9,V Sehwag,Feroz Shah Kotla,HDPK Dharmasena,S Ravi,
174,7,1.226,139,2,1.303,473,2014,30,4/27/2014,2,2,normal,0,7,0,6,M Vijay,Sharjah Cricket Stadium,Aleem Dar,VA Kulkarni,
175,7,1.226,144,2,1.303,508,2014,6,5/23/2014,7,1,normal,0,2,15,0,MEK Hussey,Wankhede Stadium,S Ravi,RJ Tucker,
176,7,1.226,161,2,1.303,623,2016,26,5/15/2016,7,1,normal,0,2,80,0,KH Pandya,Dr. Y.S. Rajasekhara Reddy ACA-VDCA Cricket Stadium,Nitin Menon,CK Nandan,
177,7,1.226,165,2,1.303,645,2018,6,14-Apr,7,1,,,7,,,,,,,
178,7,1.226,171,1,0.33,21,2017,1,4/19/2017,1,2,normal,0,1,15,0,KS Williamson,"Rajiv Gandhi International Stadium, Uppal",CB Gaffaney,NJ Llong,
179,7,1.226,175,1,0.33,39,2017,8,5/2/2017,7,1,normal,0,7,0,6,Mohammed Shami,Feroz Shah Kotla,YC Barde,Nitin Menon,
180,7,1.226,187,1,0.33,469,2014,31,4/25/2014,1,2,normal,0,1,4,0,AJ Finch,Dubai International Cricket Stadium,M Erasmus,S Ravi,
181,7,1.226,201,1,0.33,561,2015,27,5/9/2015,1,2,normal,0,1,6,0,MC Henriques,Shaheed Veer Narayan Singh International Stadium,VA Kulkarni,S Ravi,
182,7,1.226,210,1,0.33,618,2016,1,5/12/2016,7,1,normal,0,7,0,7,CH Morris,"Rajiv Gandhi International Stadium, Uppal",K Bharatan,M Erasmus,
183,7,1.226,211,1,0.33,628,2016,27,5/20/2016,7,1,normal,0,7,0,6,KK Nair,Shaheed Veer Narayan Singh International Stadium,A Nand Kishore,BNJ Oxenford,
184,7,1.226,299,8,1.092,120,2009,13,4/19/2009,7,1,normal,1,7,0,10,DL Vettori,Newlands,MR Benson,SD Ranade,
185,7,1.226,305,8,1.092,177,2010,9,3/13/2010,7,1,normal,0,7,0,5,G Gambhir,"Punjab Cricket Association Stadium, Mohali",BR Doctrove,S Ravi,
186,7,1.226,318,8,1.092,293,2011,24,5/15/2011,7,1,normal,0,8,29,0,PP Chawla,Himachal Pradesh Cricket Association Stadium,Asad Rauf,SL Shastri,
187,7,1.226,326,8,1.092,369,2012,8,5/15/2012,8,2,normal,0,7,0,5,UT Yadav,Feroz Shah Kotla,HDPK Dharmasena,BNJ Oxenford,
188,7,1.226,327,8,1.092,374,2012,24,5/19/2012,7,1,normal,0,7,0,6,UT Yadav,Himachal Pradesh Cricket Association Stadium,BF Bowden,VA Kulkarni,
189,7,1.226,332,8,1.092,412,2013,24,5/16/2013,7,1,normal,0,8,7,0,DA Miller,Himachal Pradesh Cricket Association Stadium,HDPK Dharmasena,S Ravi,
190,7,1.226,347,8,1.092,528,2015,2,4/15/2015,8,2,normal,0,7,0,5,MA Agarwal,Maharashtra Cricket Association Stadium,CB Gaffaney,K Srinath,
191,7,1.226,349,8,1.092,548,2015,8,5/1/2015,7,1,normal,0,7,0,9,NM Coulter-Nile,Feroz Shah Kotla,RK Illingworth,S Ravi,
192,7,1.226,354,8,1.092,583,2016,8,4/15/2016,7,1,normal,0,7,0,8,A Mishra,Feroz Shah Kotla,S Ravi,C Shamshuddin,
193,7,1.226,358,8,1.092,612,2016,9,5/7/2016,7,1,normal,0,8,9,0,MP Stoinis,"Punjab Cricket Association IS Bindra Stadium, Mohali",HDPK Dharmasena,CK Nandan,
194,7,1.226,364,8,1.092,658,2018,8,23-Apr,7,1,,,8,,,,,,,
195,7,1.226,366,10,1.56,62,2008,8,4/19/2008,10,2,normal,0,7,0,9,MF Maharoof,Feroz Shah Kotla,Aleem Dar,GA Pratapkumar,
196,7,1.226,371,10,1.56,115,2008,6,5/30/2008,7,1,normal,0,10,105,0,SR Watson,Wankhede Stadium,BF Bowden,RE Koertzen,
197,7,1.226,377,10,1.56,180,2010,21,3/15/2010,7,1,normal,0,7,0,6,V Sehwag,"Sardar Patel Stadium, Motera",BG Jerling,RE Koertzen,
198,7,1.226,395,10,1.56,349,2012,11,5/1/2012,10,2,normal,0,7,0,6,P Negi,Sawai Mansingh Stadium,JD Cloete,SJA Taufel,
199,7,1.226,401,10,1.56,385,2013,8,4/6/2013,10,2,normal,0,10,5,0,R Dravid,Feroz Shah Kotla,S Das,C Shamshuddin,
200,7,1.226,413,10,1.56,498,2014,21,5/15/2014,7,1,normal,0,10,62,0,AM Rahane,"Sardar Patel Stadium, Motera",S Ravi,RJ Tucker,
201,7,1.226,418,10,1.56,553,2015,6,5/3/2015,7,1,normal,0,10,14,0,AM Rahane,Brabourne Stadium,HDPK Dharmasena,CB Gaffaney,
202,7,1.226,421,10,1.56,642,2018,11,11-Apr,7,1,,,10,,,,,,,
203,7,1.226,435,6,1.011,95,2008,7,5/13/2008,6,2,normal,0,6,23,0,Shoaib Akhtar,Eden Gardens,Asad Rauf,IL Howell,
204,7,1.226,442,6,1.011,146,2009,15,5/5/2009,6,2,normal,0,7,0,9,G Gambhir,Kingsmead,GAV Baxter,IL Howell,
205,7,1.226,443,6,1.011,154,2009,18,5/10/2009,7,1,normal,0,7,0,7,A Mishra,New Wanderers Stadium,SL Shastri,RB Tiffin,
206,7,1.226,451,6,1.011,213,2010,7,4/7/2010,6,2,normal,0,6,14,0,SC Ganguly,Eden Gardens,BG Jerling,RE Koertzen,
207,7,1.226,456,6,1.011,266,2011,8,4/28/2011,7,1,normal,0,6,17,0,MK Tiwary,Feroz Shah Kotla,PR Reiffel,RJ Tucker,
208,7,1.226,461,6,1.011,309,2012,7,4/5/2012,7,1,normal,0,7,0,8,IK Pathan,Eden Gardens,S Asnani,HDPK Dharmasena,
209,7,1.226,468,6,1.011,378,2012,2,5/22/2012,6,2,normal,0,6,18,0,YK Pathan,Subrata Roy Sahara Stadium,BR Doctrove,SJA Taufel,
210,7,1.226,473,6,1.011,424,2013,27,5/1/2013,6,2,normal,0,7,0,7,DA Warner,Shaheed Veer Narayan Singh International Stadium,HDPK Dharmasena,CK Nandan,
211,7,1.226,477,6,1.011,463,2014,31,4/19/2014,6,2,normal,0,7,0,4,JP Duminy,Dubai International Cricket Stadium,Aleem Dar,VA Kulkarni,
212,7,1.226,482,6,1.011,545,2015,7,5/7/2015,6,2,normal,0,6,13,0,PP Chawla,Eden Gardens,AK Chaudhary,M Erasmus,
213,7,1.226,494,6,1.011,649,2018,7,16-Apr,7,1,,,6,,,,,,,
214,7,1.226,498,5,0.995,5,2017,5,4/8/2017,5,2,normal,0,5,15,0,KM Jadhav,M Chinnaswamy Stadium,,,
215,7,1.226,505,5,0.995,55,2017,8,5/14/2017,5,2,normal,0,5,10,0,HV Patel,Feroz Shah Kotla,CK Nandan,C Shamshuddin,
216,7,1.226,510,5,0.995,104,2008,5,5/19/2008,7,1,normal,0,7,0,5,SP Goswami,M Chinnaswamy Stadium,SJ Davis,GA Pratapkumar,
217,7,1.226,515,5,0.995,129,2009,14,4/26/2009,5,2,normal,0,7,0,6,TM Dilshan,St George's Park,S Asnani,BG Jerling,
218,7,1.226,528,5,0.995,312,2012,5,4/7/2012,7,1,normal,0,5,20,0,AB de Villiers,M Chinnaswamy Stadium,S Asnani,S Ravi,
219,7,1.226,534,5,0.995,372,2012,8,5/17/2012,7,1,normal,0,5,21,0,CH Gayle,Feroz Shah Kotla,HDPK Dharmasena,C Shamshuddin,
220,7,1.226,542,5,0.995,438,2013,8,5/10/2013,7,1,normal,0,5,4,0,JD Unadkat,Feroz Shah Kotla,NJ Llong,K Srinath,
221,7,1.226,549,5,0.995,495,2014,5,5/13/2014,7,1,normal,0,5,16,0,Yuvraj Singh,M Chinnaswamy Stadium,K Srinath,RJ Tucker,
222,7,1.226,559,5,0.995,587,2016,5,4/17/2016,7,1,normal,0,7,0,7,Q de Kock,M Chinnaswamy Stadium,VA Kulkarni,A Nand Kishore,
223,8,1.092,0,9,1.407,61,2008,9,4/19/2008,9,2,normal,0,9,33,0,MEK Hussey,"Punjab Cricket Association Stadium, Mohali",MR Benson,SL Shastri,
224,8,1.092,6,9,1.407,91,2008,12,5/10/2008,8,1,normal,0,9,18,0,L Balaji,"MA Chidambaram Stadium, Chepauk",AV Jayaprakash,BG Jerling,
225,8,1.092,14,9,1.407,149,2009,16,5/7/2009,9,2,normal,1,9,12,0,ML Hayden,SuperSport Park,DJ Harper,TH Wijewardene,
226,8,1.092,17,9,1.407,169,2009,15,5/20/2009,9,2,normal,0,9,24,0,M Muralitharan,Kingsmead,BG Jerling,SJA Taufel,
227,8,1.092,28,9,1.407,243,2011,9,4/13/2011,8,1,normal,0,8,0,6,PC Valthaty,"Punjab Cricket Association Stadium, Mohali",Asad Rauf,SL Shastri,
228,8,1.092,47,9,1.407,371,2012,24,5/17/2012,8,1,normal,0,8,0,6,AC Gilchrist,Himachal Pradesh Cricket Association Stadium,VA Kulkarni,SK Tarapore,
229,8,1.092,54,9,1.407,425,2013,12,5/2/2013,9,2,normal,0,9,15,0,SK Raina,"MA Chidambaram Stadium, Chepauk",M Erasmus,VA Kulkarni,
230,8,1.092,59,9,1.407,460,2014,29,4/18/2014,9,2,normal,0,8,0,6,GJ Maxwell,Sheikh Zayed Stadium,RK Illingworth,C Shamshuddin,
231,8,1.092,71,9,1.407,542,2015,12,4/25/2015,9,2,normal,0,9,97,0,BB McCullum,"MA Chidambaram Stadium, Chepauk",JD Cloete,C Shamshuddin,
232,8,1.092,106,2,1.303,215,2010,9,4/9/2010,2,2,normal,0,8,0,6,KC Sangakkara,"Punjab Cricket Association Stadium, Mohali",M Erasmus,AM Saheba,
233,8,1.092,116,2,1.303,273,2011,6,5/2/2011,8,1,normal,0,2,23,0,KA Pollard,Wankhede Stadium,HDPK Dharmasena,PR Reiffel,
234,8,1.092,122,2,1.303,336,2012,6,4/22/2012,2,2,normal,0,8,0,6,SE Marsh,Wankhede Stadium,S Ravi,RJ Tucker,
235,8,1.092,131,2,1.303,421,2013,6,4/29/2013,2,2,normal,0,2,4,0,RG Sharma,Wankhede Stadium,Asad Rauf,AK Chaudhary,
236,8,1.092,152,2,1.303,552,2015,9,5/3/2015,2,2,normal,0,2,23,0,LMP Simmons,"Punjab Cricket Association Stadium, Mohali",RK Illingworth,VA Kulkarni,
237,8,1.092,159,2,1.303,597,2016,9,4/25/2016,8,1,normal,0,2,25,0,PA Patel,"Punjab Cricket Association IS Bindra Stadium, Mohali",Nitin Menon,RJ Tucker,
238,8,1.092,160,2,1.303,619,2016,26,5/13/2016,2,2,normal,0,8,0,7,MP Stoinis,Dr. Y.S. Rajasekhara Reddy ACA-VDCA Cricket Stadium,HDPK Dharmasena,CK Nandan,
239,8,1.092,170,1,0.33,19,2017,1,4/17/2017,8,1,normal,0,1,5,0,B Kumar,"Rajiv Gandhi International Stadium, Uppal",AY Dandekar,A Deshmukh,
240,8,1.092,173,1,0.33,32,2017,9,4/28/2017,8,1,normal,0,1,26,0,Rashid Khan,"Punjab Cricket Association IS Bindra Stadium, Mohali",Nitin Menon,CK Nandan,
241,8,1.092,182,1,0.33,440,2013,9,5/11/2013,8,1,normal,0,1,30,0,PA Patel,"Punjab Cricket Association Stadium, Mohali",S Das,RJ Tucker,
242,8,1.092,193,1,0.33,496,2014,1,5/14/2014,8,1,normal,0,8,0,6,WP Saha,"Rajiv Gandhi International Stadium, Uppal",VA Kulkarni,PG Pathak,
243,8,1.092,198,1,0.33,544,2015,9,4/27/2015,8,1,normal,0,1,20,0,TA Boult,"Punjab Cricket Association Stadium, Mohali",HDPK Dharmasena,CB Gaffaney,
244,8,1.092,202,1,0.33,564,2015,1,5/11/2015,1,2,normal,0,1,5,0,DA Warner,"Rajiv Gandhi International Stadium, Uppal",AK Chaudhary,HDPK Dharmasena,
245,8,1.092,215,1,0.33,661,2018,1,26-Apr,8,1,,,1,,,,,,,
246,8,1.092,218,7,1.226,15,2017,8,4/15/2017,7,2,normal,0,7,51,0,CJ Anderson,Feroz Shah Kotla,YC Barde,Nitin Menon,
247,8,1.092,221,7,1.226,35,2017,9,4/30/2017,8,1,normal,0,8,0,10,Sandeep Sharma,"Punjab Cricket Association IS Bindra Stadium, Mohali",YC Barde,CK Nandan,
248,8,1.092,223,7,1.226,73,2008,9,4/27/2008,7,2,normal,0,8,0,4,SM Katich,"Punjab Cricket Association Stadium, Mohali",RE Koertzen,I Shivram,
249,8,1.092,228,7,1.226,100,2008,8,5/17/2008,7,2,normal,1,8,6,0,DPMD Jayawardene,Feroz Shah Kotla,AV Jayaprakash,RE Koertzen,
250,8,1.092,232,7,1.226,161,2009,20,5/15/2009,8,1,normal,0,8,0,6,B Lee,OUTsurance Oval,HDPK Dharmasena,IL Howell,
251,8,1.092,241,7,1.226,218,2010,8,4/11/2010,7,2,normal,0,8,0,7,PP Chawla,Feroz Shah Kotla,BF Bowden,AM Saheba,
252,8,1.092,244,7,1.226,259,2011,8,4/23/2011,8,1,normal,0,7,29,0,DA Warner,Feroz Shah Kotla,S Asnani,RE Koertzen,
253,8,1.092,259,7,1.226,443,2013,8,4/23/2013,8,1,normal,0,8,0,5,Harmeet Singh,Feroz Shah Kotla,VA Kulkarni,K Srinath,
254,8,1.092,265,7,1.226,502,2014,8,5/19/2014,8,1,normal,0,8,0,4,AR Patel,Feroz Shah Kotla,HDPK Dharmasena,PG Pathak,
255,8,1.092,266,7,1.226,512,2014,9,5/25/2014,8,1,normal,0,8,0,7,M Vohra,"Punjab Cricket Association Stadium, Mohali",HDPK Dharmasena,VA Kulkarni,
256,8,1.092,280,7,1.226,638,2018,32,8-Apr,8,1,,,8,,,,,,,
257,8,1.092,373,10,1.56,145,2009,15,5/5/2009,8,1,normal,0,10,78,0,GC Smith,Kingsmead,SS Hazare,IL Howell,
258,8,1.092,380,10,1.56,193,2010,9,3/24/2010,8,1,normal,0,10,31,0,AC Voges,"Punjab Cricket Association Stadium, Mohali",BR Doctrove,SK Tarapore,
259,8,1.092,390,10,1.56,311,2012,11,4/6/2012,8,1,normal,0,10,31,0,AM Rahane,Sawai Mansingh Stadium,BF Bowden,SK Tarapore,
260,8,1.092,396,10,1.56,354,2012,9,5/5/2012,10,2,normal,0,10,43,0,SR Watson,"Punjab Cricket Association Stadium, Mohali",JD Cloete,SJA Taufel,
261,8,1.092,409,10,1.56,464,2014,30,4/20/2014,8,1,normal,0,8,0,7,GJ Maxwell,Sharjah Cricket Stadium,BF Bowden,M Erasmus,
262,8,1.092,415,10,1.56,520,2015,2,4/10/2015,8,1,normal,0,10,26,0,JP Faulkner,Maharashtra Cricket Association Stadium,SD Fry,CB Gaffaney,
263,8,1.092,416,10,1.56,536,2015,21,4/21/2015,8,1,tie,0,8,0,0,SE Marsh,"Sardar Patel Stadium, Motera",M Erasmus,S Ravi,
264,8,1.092,441,6,1.011,142,2009,14,5/3/2009,6,2,normal,0,8,0,6,DPMD Jayawardene,St George's Park,S Asnani,MR Benson,
265,8,1.092,448,6,1.011,196,2010,9,3/27/2010,6,2,normal,0,6,39,0,MK Tiwary,"Punjab Cricket Association Stadium, Mohali",BR Doctrove,S Ravi,
266,8,1.092,450,6,1.011,208,2010,7,4/4/2010,6,2,normal,0,8,0,8,DPMD Jayawardene,Eden Gardens,S Asnani,DJ Harper,
267,8,1.092,480,6,1.011,514,2014,7,5/27/2014,8,1,normal,0,6,28,0,UT Yadav,Eden Gardens,NJ Llong,S Ravi,
268,8,1.092,487,6,1.011,608,2016,7,5/4/2016,8,1,normal,0,6,7,0,AD Russell,Eden Gardens,AK Chaudhary,HDPK Dharmasena,
269,8,1.092,495,6,1.011,654,2018,7,21-Apr,8,1,,,8,,,,,,,
270,8,1.092,499,5,0.995,8,2017,4,4/10/2017,5,2,normal,0,8,0,8,AR Patel,Holkar Cricket Stadium,AK Chaudhary,C Shamshuddin,
271,8,1.092,507,5,0.995,84,2008,5,5/5/2008,8,1,normal,0,8,0,6,S Sreesanth,M Chinnaswamy Stadium,SJ Davis,BR Doctrove,
272,8,1.092,509,5,0.995,94,2008,9,5/12/2008,5,2,normal,0,8,0,9,SE Marsh,"Punjab Cricket Association Stadium, Mohali",BR Doctrove,I Shivram,
273,8,1.092,514,5,0.995,127,2009,15,4/24/2009,5,2,normal,0,8,0,7,RS Bopara,Kingsmead,BR Doctrove,TH Wijewardene,
274,8,1.092,516,5,0.995,139,2009,15,5/1/2009,5,2,normal,0,5,8,0,Yuvraj Singh,Kingsmead,HDPK Dharmasena,S Ravi,
275,8,1.092,525,5,0.995,280,2011,5,5/6/2011,8,1,normal,0,5,85,0,CH Gayle,M Chinnaswamy Stadium,Aleem Dar,RB Tiffin,
276,8,1.092,531,5,0.995,350,2012,5,5/2/2012,8,1,normal,0,8,0,4,Azhar Mahmood,M Chinnaswamy Stadium,BF Bowden,C Shamshuddin,
277,8,1.092,541,5,0.995,429,2013,5,5/14/2013,8,1,normal,0,8,0,7,AC Gilchrist,M Chinnaswamy Stadium,HDPK Dharmasena,S Ravi,
278,8,1.092,544,5,0.995,448,2013,9,5/6/2013,8,1,normal,0,8,0,6,DA Miller,"Punjab Cricket Association Stadium, Mohali",VA Kulkarni,NJ Llong,
279,8,1.092,547,5,0.995,475,2014,31,4/28/2014,8,1,normal,0,8,0,5,Sandeep Sharma,Dubai International Cricket Stadium,BF Bowden,S Ravi,
280,8,1.092,554,5,0.995,557,2015,5,5/6/2015,8,1,normal,0,5,138,0,CH Gayle,M Chinnaswamy Stadium,RK Illingworth,VA Kulkarni,
281,8,1.092,564,5,0.995,615,2016,9,5/9/2016,8,1,normal,0,5,1,0,SR Watson,"Punjab Cricket Association IS Bindra Stadium, Mohali",AK Chaudhary,HDPK Dharmasena,
282,8,1.092,567,5,0.995,626,2016,5,5/18/2016,8,1,normal,1,5,82,0,V Kohli,M Chinnaswamy Stadium,KN Ananthapadmanabhan,M Erasmus,
283,10,1.56,4,9,1.407,83,2008,11,5/4/2008,9,2,normal,0,10,0,8,Sohail Tanvir,Sawai Mansingh Stadium,Asad Rauf,AV Jayaprakash,
284,10,1.56,8,9,1.407,117,2008,6,6/1/2008,10,1,normal,0,10,0,3,YK Pathan,Dr DY Patil Sports Academy,BF Bowden,RE Koertzen,
285,10,1.56,11,9,1.407,137,2009,16,4/30/2009,10,1,normal,0,9,38,0,SK Raina,SuperSport Park,GAV Baxter,RE Koertzen,
286,10,1.56,21,9,1.407,206,2010,12,4/3/2010,9,2,normal,0,9,23,0,M Vijay,"MA Chidambaram Stadium, Chepauk",RE Koertzen,RB Tiffin,
287,10,1.56,34,9,1.407,285,2011,11,5/9/2011,10,1,normal,0,9,63,0,M Vijay,Sawai Mansingh Stadium,K Hariharan,SJA Taufel,
288,10,1.56,56,9,1.407,442,2013,11,5/12/2013,10,1,normal,0,10,0,5,SR Watson,Sawai Mansingh Stadium,HDPK Dharmasena,CK Nandan,
289,10,1.56,61,9,1.407,467,2014,31,4/23/2014,10,1,normal,0,9,7,0,RA Jadeja,Dubai International Cricket Stadium,HDPK Dharmasena,RK Illingworth,
290,10,1.56,69,9,1.407,533,2015,21,4/19/2015,9,2,normal,0,10,0,8,AM Rahane,"Sardar Patel Stadium, Motera",AK Chaudhary,M Erasmus,
291,10,1.56,75,9,1.407,563,2015,12,5/10/2015,9,2,normal,0,9,12,0,RA Jadeja,"MA Chidambaram Stadium, Chepauk",M Erasmus,CK Nandan,
292,10,1.56,77,9,1.407,653,2018,2,20-Apr,10,1,,,9,,,,,,,
293,10,1.56,92,2,1.303,113,2008,11,5/26/2008,10,1,normal,0,10,0,5,Sohail Tanvir,Sawai Mansingh Stadium,BF Bowden,K Hariharan,
294,10,1.56,101,2,1.303,176,2010,6,3/13/2010,2,2,normal,0,2,4,0,YK Pathan,Brabourne Stadium,RE Koertzen,RB Tiffin,
295,10,1.56,107,2,1.303,219,2010,11,4/11/2010,10,1,normal,0,2,37,0,SR Tendulkar,Sawai Mansingh Stadium,BR Doctrove,SK Tarapore,
296,10,1.56,115,2,1.303,267,2011,11,4/29/2011,10,1,normal,0,10,0,7,J Botha,Sawai Mansingh Stadium,Asad Rauf,SK Tarapore,
297,10,1.56,119,2,1.303,299,2011,6,5/20/2011,2,2,normal,0,10,0,10,SR Watson,Wankhede Stadium,RE Koertzen,PR Reiffel,
298,10,1.56,120,2,1.303,319,2012,6,4/11/2012,10,1,normal,0,2,27,0,KA Pollard,Wankhede Stadium,Aleem Dar,BNJ Oxenford,
299,10,1.56,135,2,1.303,447,2013,6,5/15/2013,10,1,normal,0,2,14,0,AP Tare,Wankhede Stadium,Asad Rauf,S Asnani,
300,10,1.56,143,2,1.303,501,2014,21,5/19/2014,2,2,normal,0,2,25,0,MEK Hussey,"Sardar Patel Stadium, Motera",S Ravi,RJ Tucker,
301,10,1.56,147,2,1.303,526,2015,21,4/14/2015,2,2,normal,0,10,0,7,SPD Smith,"Sardar Patel Stadium, Motera",AK Chaudhary,SD Fry,
302,10,1.56,151,2,1.303,549,2015,6,5/1/2015,10,1,normal,0,2,8,0,AT Rayudu,Wankhede Stadium,HDPK Dharmasena,CK Nandan,
303,10,1.56,167,2,1.303,657,2018,11,22-Apr,2,2,,,10,,,,,,,
304,10,1.56,180,1,0.33,416,2013,11,4/27/2013,1,2,normal,0,10,0,8,JP Faulkner,Sawai Mansingh Stadium,VA Kulkarni,K Srinath,
305,10,1.56,184,1,0.33,449,2013,1,5/17/2013,1,2,normal,0,1,23,0,A Mishra,"Rajiv Gandhi International Stadium, Uppal",Asad Rauf,AK Chaudhary,
306,10,1.56,185,1,0.33,455,2013,8,5/22/2013,1,2,normal,0,10,0,4,BJ Hodge,Feroz Shah Kotla,S Ravi,RJ Tucker,
307,10,1.56,186,1,0.33,461,2014,29,4/18/2014,10,1,normal,0,10,0,4,AM Rahane,Sheikh Zayed Stadium,BF Bowden,RK Illingworth,
308,10,1.56,191,1,0.33,487,2014,21,5/8/2014,10,1,normal,0,1,32,0,B Kumar,"Sardar Patel Stadium, Motera",AK Chaudhary,NJ Llong,
309,10,1.56,196,1,0.33,529,2015,26,4/16/2015,10,1,normal,0,10,0,6,AM Rahane,Dr. Y.S. Rajasekhara Reddy ACA-VDCA Cricket Stadium,PG Pathak,S Ravi,
310,10,1.56,200,1,0.33,558,2015,6,5/7/2015,10,1,normal,0,1,7,0,EJG Morgan,Brabourne Stadium,JD Cloete,C Shamshuddin,
311,10,1.56,216,1,0.33,664,2018,11,29-Apr,1,2,,,1,,,,,,,
312,10,1.56,226,7,1.226,93,2008,11,5/11/2008,10,1,normal,0,10,0,3,SR Watson,Sawai Mansingh Stadium,SJ Davis,RE Koertzen,
313,10,1.56,230,7,1.226,133,2009,16,4/28/2009,7,2,normal,0,10,0,5,YK Pathan,SuperSport Park,GAV Baxter,RE Koertzen,
314,10,1.56,233,7,1.226,165,2009,20,5/17/2009,7,2,normal,0,7,14,0,AB de Villiers,OUTsurance Oval,SS Hazare,IL Howell,
315,10,1.56,239,7,1.226,203,2010,8,3/31/2010,7,2,normal,0,7,67,0,KD Karthik,Feroz Shah Kotla,HDPK Dharmasena,SJA Taufel,
316,10,1.56,243,7,1.226,241,2011,11,4/12/2011,7,2,normal,0,10,0,6,SK Warne,Sawai Mansingh Stadium,Aleem Dar,RB Tiffin,
317,10,1.56,250,7,1.226,345,2012,8,4/29/2012,7,2,normal,0,7,1,0,V Sehwag,Feroz Shah Kotla,S Ravi,RJ Tucker,
318,10,1.56,258,7,1.226,433,2013,11,5/7/2013,7,2,normal,0,10,0,9,AM Rahane,Sawai Mansingh Stadium,Aleem Dar,RJ Tucker,
319,10,1.56,261,7,1.226,480,2014,8,5/3/2014,10,1,normal,0,10,0,7,KK Nair,Feroz Shah Kotla,SS Hazare,S Ravi,
320,10,1.56,267,7,1.226,523,2015,8,4/12/2015,10,1,normal,0,10,0,3,DJ Hooda,Feroz Shah Kotla,SD Fry,CB Gaffaney,
321,10,1.56,283,7,1.226,668,2018,8,2-May,10,1,,,7,,,,,,,
322,10,1.56,292,8,1.092,65,2008,11,4/21/2008,8,2,normal,0,10,0,6,SR Watson,Sawai Mansingh Stadium,Aleem Dar,RB Tiffin,
323,10,1.56,295,8,1.092,97,2008,9,5/28/2008,10,1,normal,0,8,41,0,SE Marsh,"Punjab Cricket Association Stadium, Mohali",SJ Davis,K Hariharan,
324,10,1.56,301,8,1.092,130,2009,13,4/26/2009,8,2,normal,0,8,27,0,KC Sangakkara,Newlands,M Erasmus,K Hariharan,
325,10,1.56,310,8,1.092,212,2010,11,4/7/2010,8,2,normal,0,10,0,9,MJ Lumb,Sawai Mansingh Stadium,S Ravi,SK Tarapore,
326,10,1.56,314,8,1.092,256,2011,9,4/21/2011,10,1,normal,0,8,48,0,SE Marsh,"Punjab Cricket Association Stadium, Mohali",S Asnani,PR Reiffel,
327,10,1.56,329,8,1.092,398,2013,11,4/14/2013,10,1,normal,0,10,0,6,JP Faulkner,Sawai Mansingh Stadium,Aleem Dar,C Shamshuddin,
328,10,1.56,334,8,1.092,436,2013,9,5/9/2013,10,1,normal,0,10,0,8,KK Cooper,"Punjab Cricket Association Stadium, Mohali",HDPK Dharmasena,S Ravi,
329,10,1.56,343,8,1.092,509,2014,9,5/23/2014,10,1,normal,0,8,16,0,SE Marsh,"Punjab Cricket Association Stadium, Mohali",HDPK Dharmasena,PG Pathak,
330,10,1.56,438,6,1.011,105,2008,7,5/20/2008,10,1,normal,0,10,0,6,YK Pathan,Eden Gardens,BG Jerling,RE Koertzen,
331,10,1.56,506,5,0.995,70,2008,5,4/26/2008,10,1,normal,0,10,0,7,SR Watson,M Chinnaswamy Stadium,MR Benson,IL Howell,
332,10,1.56,513,5,0.995,119,2009,13,4/18/2009,5,2,normal,0,5,75,0,R Dravid,Newlands,BR Doctrove,RB Tiffin,
333,10,1.56,517,5,0.995,148,2009,16,5/7/2009,10,1,normal,0,10,0,7,A Singh,SuperSport Park,K Hariharan,DJ Harper,
334,10,1.56,530,5,0.995,338,2012,11,4/23/2012,10,1,normal,0,5,46,0,AB de Villiers,Sawai Mansingh Stadium,Asad Rauf,S Asnani,
335,10,1.56,539,5,0.995,420,2013,11,4/29/2013,10,1,normal,0,10,0,4,SV Samson,Sawai Mansingh Stadium,M Erasmus,K Srinath,
336,10,1.56,546,5,0.995,471,2014,29,4/26/2014,10,1,normal,0,10,0,6,PV Tambe,Sheikh Zayed Stadium,HDPK Dharmasena,C Shamshuddin,
337,10,1.56,548,5,0.995,492,2014,5,5/11/2014,5,2,normal,0,10,0,5,JP Faulkner,M Chinnaswamy Stadium,S Ravi,RJ Tucker,
338,10,1.56,553,5,0.995,546,2015,5,4/29/2015,10,1,no result,0,no result,0,0,,M Chinnaswamy Stadium,JD Cloete,PG Pathak,
339,10,1.56,556,5,0.995,574,2015,2,5/20/2015,5,2,normal,0,5,71,0,AB de Villiers,Maharashtra Cricket Association Stadium,AK Chaudhary,C Shamshuddin,
340,6,1.011,16,9,1.407,166,2009,16,5/18/2009,9,2,normal,0,6,0,7,BJ Hodge,SuperSport Park,SJA Taufel,RB Tiffin,
341,6,1.011,19,9,1.407,182,2010,7,3/16/2010,9,2,normal,0,9,55,0,MS Dhoni,Eden Gardens,HDPK Dharmasena,AM Saheba,
342,6,1.011,27,9,1.407,235,2011,12,4/8/2011,9,2,normal,0,9,2,0,S Anirudha,"MA Chidambaram Stadium, Chepauk",BR Doctrove,PR Reiffel,
343,6,1.011,33,9,1.407,281,2011,7,5/7/2011,9,2,normal,1,6,10,0,Iqbal Abdulla,Eden Gardens,Asad Rauf,PR Reiffel,
344,6,1.011,44,9,1.407,347,2012,12,4/30/2012,9,2,normal,0,6,0,5,G Gambhir,"MA Chidambaram Stadium, Chepauk",BF Bowden,C Shamshuddin,
345,6,1.011,50,9,1.407,381,2012,12,5/27/2012,9,2,normal,0,6,0,5,MS Bisla,"MA Chidambaram Stadium, Chepauk",BF Bowden,SJA Taufel,
346,6,1.011,52,9,1.407,418,2013,12,4/28/2013,6,1,normal,0,9,14,0,MEK Hussey,"MA Chidambaram Stadium, Chepauk",Aleem Dar,SJA Taufel,
347,6,1.011,62,9,1.407,478,2014,28,5/2/2014,9,2,normal,0,9,34,0,RA Jadeja,JSCA International Stadium Complex,AK Chaudhary,NJ Llong,
348,6,1.011,64,9,1.407,504,2014,7,5/20/2014,6,1,normal,0,6,0,8,RV Uthappa,Eden Gardens,RM Deshpande,C Shamshuddin,
349,6,1.011,68,9,1.407,527,2015,7,4/30/2015,6,1,normal,0,6,0,7,AD Russell,Eden Gardens,AK Chaudhary,M Erasmus,
350,6,1.011,72,9,1.407,547,2015,12,4/28/2015,6,1,normal,0,9,2,0,DJ Bravo,"MA Chidambaram Stadium, Chepauk",RM Deshpande,VA Kulkarni,
351,6,1.011,85,2,1.303,53,2017,7,5/13/2017,6,1,normal,0,2,9,0,AT Rayudu,Eden Gardens,A Nand Kishore,S Ravi,
352,6,1.011,94,2,1.303,132,2009,14,4/27/2009,2,2,normal,0,2,92,0,SR Tendulkar,St George's Park,BG Jerling,RB Tiffin,
353,6,1.011,95,2,1.303,138,2009,17,5/1/2009,2,2,normal,0,2,9,0,JP Duminy,Buffalo Park,M Erasmus,SK Tarapore,
354,6,1.011,110,2,1.303,230,2010,7,4/19/2010,2,2,normal,0,6,0,9,M Kartik,Eden Gardens,BG Jerling,RE Koertzen,
355,6,1.011,125,2,1.303,363,2012,7,5/12/2012,2,2,normal,0,2,27,0,RG Sharma,Eden Gardens,S Ravi,SJA Taufel,
356,6,1.011,134,2,1.303,434,2013,6,5/7/2013,2,2,normal,0,2,65,0,SR Tendulkar,Wankhede Stadium,HDPK Dharmasena,S Ravi,
357,6,1.011,142,2,1.303,497,2014,22,5/14/2014,6,1,normal,0,6,0,6,RV Uthappa,Barabati Stadium,AK Chaudhary,NJ Llong,
358,6,1.011,146,2,1.303,518,2015,7,4/8/2015,6,1,normal,0,6,0,7,M Morkel,Eden Gardens,S Ravi,C Shamshuddin,
359,6,1.011,153,2,1.303,567,2015,6,5/14/2015,6,1,normal,0,2,5,0,HH Pandya,Wankhede Stadium,RK Illingworth,VA Kulkarni,
360,6,1.011,174,1,0.33,36,2017,1,4/30/2017,6,1,normal,0,1,48,0,DA Warner,"Rajiv Gandhi International Stadium, Uppal",AY Dandekar,S Ravi,
361,6,1.011,176,1,0.33,57,2017,5,5/17/2017,6,1,normal,1,6,0,7,NM Coulter-Nile,M Chinnaswamy Stadium,AK Chaudhary,Nitin Menon,
362,6,1.011,194,1,0.33,500,2014,1,5/18/2014,1,2,normal,0,6,0,7,UT Yadav,"Rajiv Gandhi International Stadium, Uppal",NJ Llong,CK Nandan,
363,6,1.011,195,1,0.33,511,2014,7,5/24/2014,6,1,normal,0,6,0,4,YK Pathan,Eden Gardens,RM Deshpande,BNJ Oxenford,
364,6,1.011,197,1,0.33,537,2015,26,4/22/2015,6,1,normal,1,1,16,0,DA Warner,Dr. Y.S. Rajasekhara Reddy ACA-VDCA Cricket Stadium,RK Illingworth,VA Kulkarni,
365,6,1.011,205,1,0.33,584,2016,1,4/16/2016,1,2,normal,0,6,0,8,G Gambhir,"Rajiv Gandhi International Stadium, Uppal",AK Chaudhary,CK Nandan,
366,6,1.011,212,1,0.33,634,2016,8,5/25/2016,6,1,normal,0,1,22,0,MC Henriques,Feroz Shah Kotla,M Erasmus,C Shamshuddin,
367,6,1.011,219,7,1.226,18,2017,8,4/17/2017,7,2,normal,0,6,0,4,NM Coulter-Nile,Feroz Shah Kotla,Nitin Menon,CK Nandan,
368,6,1.011,220,7,1.226,31,2017,7,4/28/2017,6,1,normal,0,6,0,7,G Gambhir,Eden Gardens,NJ Llong,S Ravi,
369,6,1.011,238,7,1.226,200,2010,8,3/29/2010,7,2,normal,0,7,40,0,DA Warner,Feroz Shah Kotla,SS Hazare,SJA Taufel,
370,6,1.011,251,7,1.226,357,2012,8,5/7/2012,7,2,normal,0,6,0,6,JH Kallis,Feroz Shah Kotla,JD Cloete,S Ravi,
371,6,1.011,253,7,1.226,382,2013,7,4/3/2013,6,1,normal,0,6,0,6,SP Narine,Eden Gardens,S Ravi,SJA Taufel,
372,6,1.011,263,7,1.226,485,2014,8,5/7/2014,7,2,normal,0,6,0,8,G Gambhir,Feroz Shah Kotla,BNJ Oxenford,C Shamshuddin,
373,6,1.011,269,7,1.226,535,2015,8,4/20/2015,6,1,normal,0,6,0,6,UT Yadav,Feroz Shah Kotla,SD Fry,CB Gaffaney,
374,6,1.011,274,7,1.226,578,2016,7,4/10/2016,6,1,normal,0,6,0,9,AD Russell,Eden Gardens,S Ravi,C Shamshuddin,
375,6,1.011,276,7,1.226,602,2016,8,4/30/2016,6,1,normal,0,7,27,0,CR Brathwaite,Feroz Shah Kotla,KN Ananthapadmanabhan,M Erasmus,
376,6,1.011,282,7,1.226,662,2018,8,27-Apr,6,1,,,7,,,,,,,
377,6,1.011,284,8,1.092,11,2017,7,4/13/2017,6,1,normal,0,6,0,8,SP Narine,Eden Gardens,A Deshmukh,NJ Llong,
378,6,1.011,289,8,1.092,48,2017,9,5/9/2017,6,1,normal,0,8,14,0,MM Sharma,"Punjab Cricket Association IS Bindra Stadium, Mohali",A Nand Kishore,S Ravi,
379,6,1.011,294,8,1.092,81,2008,9,5/3/2008,8,2,normal,0,8,9,0,IK Pathan,"Punjab Cricket Association Stadium, Mohali",DJ Harper,I Shivram,
380,6,1.011,297,8,1.092,112,2008,7,5/25/2008,8,2,normal,0,6,0,3,Umar Gul,Eden Gardens,SJ Davis,I Shivram,
381,6,1.011,300,8,1.092,123,2009,15,4/21/2009,6,1,normal,1,6,11,0,CH Gayle,Kingsmead,DJ Harper,SD Ranade,
382,6,1.011,315,8,1.092,270,2011,7,4/30/2011,6,1,normal,0,6,0,8,Iqbal Abdulla,Eden Gardens,AM Saheba,SL Shastri,
383,6,1.011,320,8,1.092,325,2012,7,4/15/2012,6,1,normal,0,8,2,0,SP Narine,Eden Gardens,Asad Rauf,S Asnani,
384,6,1.011,321,8,1.092,330,2012,9,4/18/2012,8,2,normal,0,6,0,8,G Gambhir,"Punjab Cricket Association Stadium, Mohali",JD Cloete,RJ Tucker,
385,6,1.011,330,8,1.092,400,2013,9,4/16/2013,6,1,normal,0,8,4,0,MS Gony,"Punjab Cricket Association Stadium, Mohali",CK Nandan,SJA Taufel,
386,6,1.011,333,8,1.092,415,2013,7,4/26/2013,8,2,normal,0,6,0,6,JH Kallis,Eden Gardens,CK Nandan,S Ravi,
387,6,1.011,337,8,1.092,472,2014,29,4/26/2014,6,1,normal,0,8,23,0,Sandeep Sharma,Sheikh Zayed Stadium,HDPK Dharmasena,RK Illingworth,
388,6,1.011,341,8,1.092,491,2014,22,5/11/2014,6,1,normal,0,6,0,9,G Gambhir,Barabati Stadium,NJ Llong,CK Nandan,
389,6,1.011,345,8,1.092,517,2014,5,6/1/2014,6,1,normal,0,6,0,3,MK Pandey,M Chinnaswamy Stadium,HDPK Dharmasena,BNJ Oxenford,
390,6,1.011,348,8,1.092,532,2015,2,4/18/2015,6,1,normal,0,6,0,4,AD Russell,Maharashtra Cricket Association Stadium,SD Fry,CK Nandan,
391,6,1.011,350,8,1.092,560,2015,7,5/9/2015,8,2,normal,0,6,0,1,AD Russell,Eden Gardens,AK Chaudhary,HDPK Dharmasena,
392,6,1.011,355,8,1.092,589,2016,9,4/19/2016,6,1,normal,0,6,0,6,RV Uthappa,"Punjab Cricket Association IS Bindra Stadium, Mohali",S Ravi,C Shamshuddin,
393,6,1.011,367,10,1.56,78,2008,11,5/1/2008,10,2,normal,0,10,45,0,SA Asnodkar,Sawai Mansingh Stadium,RE Koertzen,GA Pratapkumar,
394,6,1.011,372,10,1.56,126,2009,13,4/23/2009,6,1,tie,0,10,0,0,YK Pathan,Newlands,MR Benson,M Erasmus,
395,6,1.011,376,10,1.56,168,2009,15,5/20/2009,6,1,normal,0,6,0,4,LR Shukla,Kingsmead,BG Jerling,SJA Taufel,
396,6,1.011,379,10,1.56,187,2010,21,3/20/2010,10,2,normal,0,10,34,0,AA Jhunjhunwala,"Sardar Patel Stadium, Motera",RE Koertzen,RB Tiffin,
397,6,1.011,384,10,1.56,227,2010,7,4/17/2010,10,2,normal,0,6,0,8,JD Unadkat,Eden Gardens,BG Jerling,RB Tiffin,
398,6,1.011,385,10,1.56,246,2011,11,4/15/2011,6,1,normal,0,6,0,9,G Gambhir,Sawai Mansingh Stadium,Aleem Dar,SS Hazare,
399,6,1.011,386,10,1.56,251,2011,7,4/17/2011,6,1,normal,0,6,0,8,L Balaji,Eden Gardens,Aleem Dar,RB Tiffin,
400,6,1.011,391,10,1.56,314,2012,11,4/8/2012,6,1,normal,0,10,22,0,BJ Hodge,Sawai Mansingh Stadium,BF Bowden,VA Kulkarni,
401,6,1.011,392,10,1.56,322,2012,7,4/13/2012,10,2,normal,0,6,0,5,Shakib Al Hasan,Eden Gardens,Asad Rauf,S Asnani,
402,6,1.011,402,10,1.56,389,2013,11,4/8/2013,6,1,normal,0,10,19,0,SK Trivedi,Sawai Mansingh Stadium,Aleem Dar,S Das,
403,6,1.011,407,10,1.56,427,2013,7,5/3/2013,10,2,normal,0,6,0,8,YK Pathan,Eden Gardens,HDPK Dharmasena,CK Nandan,
404,6,1.011,410,10,1.56,476,2014,29,4/29/2014,10,2,tie,0,10,0,0,JP Faulkner,Sheikh Zayed Stadium,Aleem Dar,AK Chaudhary,
405,6,1.011,411,10,1.56,482,2014,21,5/5/2014,6,1,normal,0,10,10,0,PV Tambe,"Sardar Patel Stadium, Motera",NJ Llong,CK Nandan,
406,6,1.011,419,10,1.56,570,2015,6,5/16/2015,10,2,normal,0,10,9,0,SR Watson,Brabourne Stadium,RM Deshpande,RK Illingworth,
407,6,1.011,423,10,1.56,651,2018,11,18-Apr,6,1,,,6,,,,,,,
408,6,1.011,504,5,0.995,45,2017,5,5/7/2017,6,1,normal,0,6,0,6,SP Narine,M Chinnaswamy Stadium,AY Dandekar,C Shamshuddin,
409,6,1.011,519,5,0.995,178,2010,7,3/14/2010,6,1,normal,0,6,0,7,MK Tiwary,Eden Gardens,HDPK Dharmasena,AM Saheba,
410,6,1.011,543,5,0.995,441,2013,28,5/12/2013,6,1,normal,0,6,0,5,JH Kallis,JSCA International Stadium Complex,NJ Llong,K Srinath,
411,6,1.011,563,5,0.995,606,2016,5,5/2/2016,6,1,normal,0,6,0,5,AD Russell,M Chinnaswamy Stadium,M Erasmus,S Ravi,
412,6,1.011,568,5,0.995,639,2018,7,4/8/2018,6,1,,,6,,,,,,,
413,5,0.995,2,9,1.407,74,2008,5,4/28/2008,9,2,normal,0,9,13,0,MS Dhoni,M Chinnaswamy Stadium,BR Doctrove,RB Tiffin,
414,5,0.995,9,9,1.407,122,2009,14,4/20/2009,9,2,normal,0,9,92,0,M Muralitharan,St George's Park,BG Jerling,SJA Taufel,
415,5,0.995,15,9,1.407,159,2009,15,5/14/2009,9,2,normal,0,5,0,2,LRPL Taylor,Kingsmead,BR Doctrove,DJ Harper,
416,5,0.995,18,9,1.407,173,2009,18,5/23/2009,5,1,normal,0,5,0,6,MK Pandey,New Wanderers Stadium,RE Koertzen,SJA Taufel,
417,5,0.995,29,9,1.407,248,2011,12,4/16/2011,9,2,normal,0,9,21,0,MEK Hussey,"MA Chidambaram Stadium, Chepauk",HDPK Dharmasena,AL Hill,
418,5,0.995,37,9,1.407,302,2011,5,5/22/2011,5,1,normal,0,5,0,8,CH Gayle,M Chinnaswamy Stadium,K Hariharan,RE Koertzen,
419,5,0.995,38,9,1.407,307,2011,12,5/28/2011,9,2,normal,0,9,58,0,M Vijay,"MA Chidambaram Stadium, Chepauk",Asad Rauf,SJA Taufel,
420,5,0.995,63,9,1.407,499,2014,28,5/18/2014,9,2,normal,0,5,0,5,AB de Villiers,JSCA International Stadium Complex,BNJ Oxenford,C Shamshuddin,
421,5,0.995,70,9,1.407,538,2015,5,4/22/2015,5,1,normal,0,9,27,0,SK Raina,M Chinnaswamy Stadium,JD Cloete,C Shamshuddin,
422,5,0.995,73,9,1.407,554,2015,12,5/4/2015,9,2,normal,0,9,24,0,SK Raina,"MA Chidambaram Stadium, Chepauk",C Shamshuddin,K Srinath,
423,5,0.995,87,2,1.303,63,2008,6,4/20/2008,2,2,normal,0,5,0,5,MV Boucher,Wankhede Stadium,SJ Davis,DJ Harper,
424,5,0.995,96,2,1.303,143,2009,18,5/3/2009,2,2,normal,0,5,0,9,JH Kallis,New Wanderers Stadium,RE Koertzen,TH Wijewardene,
425,5,0.995,98,2,1.303,153,2009,14,5/10/2009,2,2,normal,0,2,16,0,JP Duminy,St George's Park,BR Doctrove,BG Jerling,
426,5,0.995,103,2,1.303,188,2010,6,3/20/2010,2,2,normal,0,5,0,7,JH Kallis,Brabourne Stadium,HDPK Dharmasena,SS Hazare,
427,5,0.995,109,2,1.303,226,2010,5,4/17/2010,5,1,normal,0,2,57,0,R McLaren,M Chinnaswamy Stadium,HDPK Dharmasena,SJA Taufel,
428,5,0.995,111,2,1.303,231,2010,6,4/21/2010,2,2,normal,0,2,35,0,KA Pollard,Dr DY Patil Sports Academy,BR Doctrove,RB Tiffin,
429,5,0.995,124,2,1.303,360,2012,6,5/9/2012,5,1,normal,0,5,0,9,CH Gayle,Wankhede Stadium,BF Bowden,VA Kulkarni,
430,5,0.995,130,2,1.303,417,2013,6,4/27/2013,2,2,normal,0,2,58,0,DR Smith,Wankhede Stadium,Asad Rauf,S Asnani,
431,5,0.995,137,2,1.303,462,2014,31,4/19/2014,5,1,normal,0,5,0,7,PA Patel,Dubai International Cricket Stadium,Aleem Dar,AK Chaudhary,
432,5,0.995,140,2,1.303,484,2014,6,5/6/2014,5,1,normal,0,2,19,0,RG Sharma,Wankhede Stadium,S Ravi,K Srinath,
433,5,0.995,149,2,1.303,534,2015,5,4/19/2015,5,1,normal,0,2,18,0,Harbhajan Singh,M Chinnaswamy Stadium,RK Illingworth,VA Kulkarni,
434,5,0.995,166,2,1.303,650,2018,6,17-Apr,5,1,,,2,,,,,,,
435,5,0.995,168,1,0.33,1,2017,1,4/5/2017,5,1,normal,0,1,35,0,Yuvraj Singh,"Rajiv Gandhi International Stadium, Uppal",AY Dandekar,NJ Llong,
436,5,0.995,181,1,0.33,432,2013,5,4/9/2013,1,2,normal,0,5,0,7,V Kohli,M Chinnaswamy Stadium,S Ravi,SJA Taufel,
437,5,0.995,190,1,0.33,481,2014,5,5/4/2014,5,1,normal,0,5,0,4,AB de Villiers,M Chinnaswamy Stadium,HDPK Dharmasena,VA Kulkarni,
438,5,0.995,203,1,0.33,568,2015,1,5/15/2015,1,2,normal,1,5,0,6,V Kohli,"Rajiv Gandhi International Stadium, Uppal",AK Chaudhary,HDPK Dharmasena,
439,5,0.995,207,1,0.33,603,2016,1,4/30/2016,5,1,normal,0,1,15,0,DA Warner,"Rajiv Gandhi International Stadium, Uppal",AK Chaudhary,HDPK Dharmasena,
440,5,0.995,213,1,0.33,636,2016,5,5/29/2016,1,2,normal,0,1,8,0,BCJ Cutting,M Chinnaswamy Stadium,HDPK Dharmasena,BNJ Oxenford,
441,5,0.995,224,7,1.226,76,2008,8,4/30/2008,5,1,normal,0,7,10,0,GD McGrath,Feroz Shah Kotla,Aleem Dar,I Shivram,
442,5,0.995,234,7,1.226,167,2009,18,5/19/2009,7,2,normal,0,5,0,7,JH Kallis,New Wanderers Stadium,IL Howell,RB Tiffin,
443,5,0.995,237,7,1.226,197,2010,5,3/25/2010,5,1,normal,0,7,17,0,KM Jadhav,M Chinnaswamy Stadium,BG Jerling,RE Koertzen,
444,5,0.995,240,7,1.226,209,2010,8,4/4/2010,7,2,normal,0,7,37,0,PD Collingwood,Feroz Shah Kotla,BF Bowden,M Erasmus,
445,5,0.995,245,7,1.226,263,2011,8,4/26/2011,5,1,normal,0,5,0,3,V Kohli,Feroz Shah Kotla,S Asnani,RJ Tucker,
446,5,0.995,255,7,1.226,401,2013,5,4/16/2013,5,1,tie,0,5,0,0,V Kohli,M Chinnaswamy Stadium,M Erasmus,VA Kulkarni,
447,5,0.995,260,7,1.226,459,2014,30,4/17/2014,5,1,normal,0,5,0,8,YS Chahal,Sharjah Cricket Stadium,Aleem Dar,S Ravi,
448,5,0.995,271,7,1.226,543,2015,8,4/26/2015,5,1,normal,0,5,0,10,VR Aaron,Feroz Shah Kotla,M Erasmus,S Ravi,
449,5,0.995,273,7,1.226,571,2015,5,5/17/2015,5,1,no result,0,no result,0,0,,M Chinnaswamy Stadium,HDPK Dharmasena,K Srinivasan,
450,5,0.995,279,7,1.226,632,2016,27,5/22/2016,5,1,normal,0,5,0,6,V Kohli,Shaheed Veer Narayan Singh International Stadium,A Nand Kishore,BNJ Oxenford,
451,5,0.995,281,7,1.226,655,2018,5,21-Apr,5,1,,,5,,,,,,,
452,5,0.995,287,8,1.092,42,2017,5,5/5/2017,5,1,normal,0,8,19,0,Sandeep Sharma,M Chinnaswamy Stadium,CB Gaffaney,C Shamshuddin,
453,5,0.995,306,8,1.092,181,2010,5,3/16/2010,8,2,normal,0,5,0,8,JH Kallis,M Chinnaswamy Stadium,S Das,DJ Harper,
454,5,0.995,309,8,1.092,205,2010,9,4/2/2010,8,2,normal,0,5,0,6,KP Pietersen,"Punjab Cricket Association Stadium, Mohali",BF Bowden,M Erasmus,
455,5,0.995,319,8,1.092,296,2011,24,5/17/2011,8,2,normal,0,8,111,0,AC Gilchrist,Himachal Pradesh Cricket Association Stadium,Asad Rauf,AM Saheba,
456,5,0.995,322,8,1.092,333,2012,9,4/20/2012,5,1,normal,0,5,0,5,CH Gayle,"Punjab Cricket Association Stadium, Mohali",S Ravi,RJ Tucker,
457,5,0.995,340,8,1.092,488,2014,5,5/9/2014,5,1,normal,0,8,32,0,Sandeep Sharma,M Chinnaswamy Stadium,S Ravi,K Srinath,
458,5,0.995,351,8,1.092,566,2015,9,5/13/2015,5,1,normal,0,8,22,0,AR Patel,"Punjab Cricket Association Stadium, Mohali",JD Cloete,C Shamshuddin,
459,5,0.995,361,8,1.092,644,2018,5,13-Apr,5,1,,,5,,,,,,,
460,5,0.995,369,10,1.56,101,2008,11,5/17/2008,5,1,normal,0,10,65,0,GC Smith,Sawai Mansingh Stadium,BF Bowden,SL Shastri,
461,5,0.995,378,10,1.56,184,2010,5,3/18/2010,5,1,normal,0,5,0,10,JH Kallis,M Chinnaswamy Stadium,K Hariharan,DJ Harper,
462,5,0.995,383,10,1.56,223,2010,11,4/14/2010,10,2,normal,0,5,0,5,KP Pietersen,Sawai Mansingh Stadium,BR Doctrove,S Ravi,
463,5,0.995,388,10,1.56,288,2011,11,5/11/2011,5,1,normal,0,5,0,9,S Aravind,Sawai Mansingh Stadium,HDPK Dharmasena,K Hariharan,
464,5,0.995,393,10,1.56,326,2012,5,4/15/2012,10,2,normal,0,10,59,0,AM Rahane,M Chinnaswamy Stadium,JD Cloete,RJ Tucker,
465,5,0.995,405,10,1.56,407,2013,5,4/20/2013,5,1,normal,0,5,0,7,R Vinay Kumar,M Chinnaswamy Stadium,Aleem Dar,C Shamshuddin,
466,5,0.995,417,10,1.56,540,2015,21,4/24/2015,5,1,normal,0,5,0,9,MA Starc,"Sardar Patel Stadium, Motera",M Erasmus,S Ravi,
467,5,0.995,422,10,1.56,647,2018,5,15-Apr,5,1,,,10,,,,,,,
468,5,0.995,427,6,1.011,27,2017,7,4/23/2017,5,1,normal,0,6,82,0,NM Coulter-Nile,Eden Gardens,CB Gaffaney,CK Nandan,
469,5,0.995,430,6,1.011,60,2008,5,4/18/2008,5,1,normal,0,6,140,0,BB McCullum,M Chinnaswamy Stadium,Asad Rauf,RE Koertzen,
470,5,0.995,433,6,1.011,88,2008,7,5/8/2008,6,2,normal,0,6,5,0,SC Ganguly,Eden Gardens,Asad Rauf,IL Howell,
471,5,0.995,440,6,1.011,134,2009,15,4/29/2009,6,2,normal,0,5,0,5,MV Boucher,Kingsmead,MR Benson,TH Wijewardene,
472,5,0.995,444,6,1.011,156,2009,16,5/12/2009,5,1,normal,0,5,0,6,LRPL Taylor,SuperSport Park,M Erasmus,SS Hazare,
473,5,0.995,452,6,1.011,217,2010,5,4/10/2010,5,1,normal,0,5,0,7,R Vinay Kumar,M Chinnaswamy Stadium,K Hariharan,DJ Harper,
474,5,0.995,455,6,1.011,258,2011,7,4/22/2011,5,1,normal,0,5,0,9,CH Gayle,Eden Gardens,SS Hazare,RB Tiffin,
475,5,0.995,458,6,1.011,291,2011,5,5/14/2011,5,1,normal,1,5,0,4,CH Gayle,M Chinnaswamy Stadium,RE Koertzen,RB Tiffin,
476,5,0.995,462,6,1.011,317,2012,5,4/10/2012,5,1,normal,0,6,42,0,L Balaji,M Chinnaswamy Stadium,S Ravi,RJ Tucker,
477,5,0.995,463,6,1.011,344,2012,7,4/28/2012,6,2,normal,0,6,47,0,G Gambhir,Eden Gardens,Asad Rauf,BR Doctrove,
478,5,0.995,469,6,1.011,392,2013,5,4/11/2013,5,1,normal,0,5,0,8,CH Gayle,M Chinnaswamy Stadium,Asad Rauf,AK Chaudhary,
479,5,0.995,478,6,1.011,468,2014,30,4/24/2014,5,1,normal,0,6,2,0,CA Lynn,Sharjah Cricket Stadium,Aleem Dar,VA Kulkarni,
480,5,0.995,479,6,1.011,506,2014,7,5/22/2014,5,1,normal,0,6,30,0,RV Uthappa,Eden Gardens,AK Chaudhary,CK Nandan,
481,5,0.995,481,6,1.011,522,2015,7,4/11/2015,5,1,normal,0,5,0,3,CH Gayle,Eden Gardens,S Ravi,C Shamshuddin,
482,5,0.995,483,6,1.011,550,2015,5,5/2/2015,5,1,normal,0,5,0,7,Mandeep Singh,M Chinnaswamy Stadium,JD Cloete,PG Pathak,
483,5,0.995,489,6,1.011,624,2016,7,5/16/2016,5,1,normal,0,5,0,9,V Kohli,Eden Gardens,CB Gaffaney,A Nand Kishore,
484,5,0.995,496,6,1.011,665,2018,5,29-Apr,6,1,,,6,,,,,,,
