,id,t1_score,t2_score,season,city,date,team1,team2,toss_winner,toss_decision,result,dl_applied,winner,win_by_runs,win_by_wickets,player_of_match,venue,umpire1,umpire2,umpire3
0,1,0.33,0.995,2017,1,4/5/2017,1,5,5,1,normal,0,1,35,0,Yuvraj Singh,"Rajiv Gandhi International Stadium, Uppal",AY Dandekar,NJ Llong,
1,2,1.303,0,2017,2,4/6/2017,2,4,4,1,normal,0,4,0,7,SPD Smith,Maharashtra Cricket Association Stadium,A Nand Kishore,S Ravi,
2,3,0,1.011,2017,3,4/7/2017,3,6,6,1,normal,0,6,0,10,CA Lynn,Saurashtra Cricket Association Stadium,Nitin Menon,CK Nandan,
3,4,0,1.092,2017,4,4/8/2017,4,8,8,1,normal,0,8,0,6,GJ Maxwell,Holkar Cricket Stadium,AK Chaudhary,C Shamshuddin,
4,5,0.995,1.226,2017,5,4/8/2017,5,7,5,2,normal,0,5,15,0,KM Jadhav,M Chinnaswamy Stadium,,,
5,6,0,0.33,2017,1,4/9/2017,3,1,1,1,normal,0,1,0,9,Rashid Khan,"Rajiv Gandhi International Stadium, Uppal",A Deshmukh,NJ Llong,
6,7,1.011,1.303,2017,6,4/9/2017,6,2,2,1,normal,0,2,0,4,N Rana,Wankhede Stadium,Nitin Menon,CK Nandan,
7,8,0.995,1.092,2017,4,4/10/2017,5,8,5,2,normal,0,8,0,8,AR Patel,Holkar Cricket Stadium,AK Chaudhary,C Shamshuddin,
8,9,1.226,0,2017,2,4/11/2017,7,4,4,1,normal,0,7,97,0,SV Samson,Maharashtra Cricket Association Stadium,AY Dandekar,S Ravi,
9,10,0.33,1.303,2017,6,4/12/2017,1,2,2,1,normal,0,2,0,4,JJ Bumrah,Wankhede Stadium,Nitin Menon,CK Nandan,
10,11,1.092,1.011,2017,7,4/13/2017,8,6,6,1,normal,0,6,0,8,SP Narine,Eden Gardens,A Deshmukh,NJ Llong,
11,12,0.995,1.303,2017,5,4/14/2017,5,2,2,1,normal,0,2,0,4,KA Pollard,M Chinnaswamy Stadium,KN Ananthapadmanabhan,AK Chaudhary,
12,13,0,0,2017,3,4/14/2017,4,3,3,1,normal,0,3,0,7,AJ Tye,Saurashtra Cricket Association Stadium,A Nand Kishore,S Ravi,
13,14,1.011,0.33,2017,7,4/15/2017,6,1,1,1,normal,0,6,17,0,RV Uthappa,Eden Gardens,AY Dandekar,NJ Llong,
14,15,1.226,1.092,2017,8,4/15/2017,7,8,7,2,normal,0,7,51,0,CJ Anderson,Feroz Shah Kotla,YC Barde,Nitin Menon,
15,16,0,1.303,2017,6,4/16/2017,3,2,2,1,normal,0,2,0,6,N Rana,Wankhede Stadium,A Nand Kishore,S Ravi,
16,17,0,0.995,2017,5,4/16/2017,4,5,5,1,normal,0,4,27,0,BA Stokes,M Chinnaswamy Stadium,KN Ananthapadmanabhan,C Shamshuddin,
17,18,1.226,1.011,2017,8,4/17/2017,7,6,7,2,normal,0,6,0,4,NM Coulter-Nile,Feroz Shah Kotla,Nitin Menon,CK Nandan,
18,19,0.33,1.092,2017,1,4/17/2017,1,8,8,1,normal,0,1,5,0,B Kumar,"Rajiv Gandhi International Stadium, Uppal",AY Dandekar,A Deshmukh,
19,20,0.995,0,2017,3,4/18/2017,5,3,3,1,normal,0,5,21,0,CH Gayle,Saurashtra Cricket Association Stadium,S Ravi,VK Sharma,
20,21,0.33,1.226,2017,1,4/19/2017,1,7,1,2,normal,0,1,15,0,KS Williamson,"Rajiv Gandhi International Stadium, Uppal",CB Gaffaney,NJ Llong,
21,22,1.092,1.303,2017,4,4/20/2017,8,2,2,1,normal,0,2,0,8,JC Buttler,Holkar Cricket Stadium,M Erasmus,C Shamshuddin,
22,23,1.011,0,2017,7,4/21/2017,6,3,3,1,normal,0,3,0,4,SK Raina,Eden Gardens,CB Gaffaney,Nitin Menon,
23,24,1.303,1.226,2017,6,4/22/2017,2,7,7,1,normal,0,2,14,0,MJ McClenaghan,Wankhede Stadium,A Nand Kishore,S Ravi,
24,25,0.33,0,2017,2,4/22/2017,1,4,4,1,normal,0,4,0,6,MS Dhoni,Maharashtra Cricket Association Stadium,AY Dandekar,A Deshmukh,
25,26,1.092,0,2017,3,4/23/2017,8,3,3,1,normal,0,8,26,0,HM Amla,Saurashtra Cricket Association Stadium,AK Chaudhary,M Erasmus,
26,27,1.011,0.995,2017,7,4/23/2017,6,5,5,1,normal,0,6,82,0,NM Coulter-Nile,Eden Gardens,CB Gaffaney,CK Nandan,
27,28,0,1.303,2017,6,4/24/2017,4,2,2,1,normal,0,4,3,0,BA Stokes,Wankhede Stadium,A Nand Kishore,S Ravi,
28,29,0,1.011,2017,2,4/26/2017,4,6,6,1,normal,0,6,0,7,RV Uthappa,Maharashtra Cricket Association Stadium,AY Dandekar,NJ Llong,
29,30,0.995,0,2017,5,4/27/2017,5,3,3,1,normal,0,3,0,7,AJ Tye,M Chinnaswamy Stadium,AK Chaudhary,C Shamshuddin,
30,31,1.226,1.011,2017,7,4/28/2017,7,6,6,1,normal,0,6,0,7,G Gambhir,Eden Gardens,NJ Llong,S Ravi,
31,32,0.33,1.092,2017,9,4/28/2017,1,8,8,1,normal,0,1,26,0,Rashid Khan,"Punjab Cricket Association IS Bindra Stadium, Mohali",Nitin Menon,CK Nandan,
32,33,0,0.995,2017,2,4/29/2017,4,5,5,1,normal,0,4,61,0,LH Ferguson,Maharashtra Cricket Association Stadium,KN Ananthapadmanabhan,M Erasmus,
33,34,0,1.303,2017,3,4/29/2017,3,2,3,2,tie,0,2,0,0,KH Pandya,Saurashtra Cricket Association Stadium,AK Chaudhary,CB Gaffaney,
34,35,1.226,1.092,2017,9,4/30/2017,7,8,8,1,normal,0,8,0,10,Sandeep Sharma,"Punjab Cricket Association IS Bindra Stadium, Mohali",YC Barde,CK Nandan,
35,36,0.33,1.011,2017,1,4/30/2017,1,6,6,1,normal,0,1,48,0,DA Warner,"Rajiv Gandhi International Stadium, Uppal",AY Dandekar,S Ravi,
36,37,0.995,1.303,2017,6,5/1/2017,5,2,5,2,normal,0,2,0,5,RG Sharma,Wankhede Stadium,AK Chaudhary,CB Gaffaney,
37,38,0,0,2017,2,5/1/2017,3,4,4,1,normal,0,4,0,5,BA Stokes,Maharashtra Cricket Association Stadium,M Erasmus,C Shamshuddin,
38,39,0.33,1.226,2017,8,5/2/2017,1,7,7,1,normal,0,7,0,6,Mohammed Shami,Feroz Shah Kotla,YC Barde,Nitin Menon,
39,40,1.011,0,2017,7,5/3/2017,6,4,4,1,normal,0,4,0,4,RA Tripathi,Eden Gardens,KN Ananthapadmanabhan,A Nand Kishore,
40,41,0,1.226,2017,8,5/4/2017,3,7,7,1,normal,0,7,0,7,RR Pant,Feroz Shah Kotla,M Erasmus,Nitin Menon,
41,42,1.092,0.995,2017,5,5/5/2017,8,5,5,1,normal,0,8,19,0,Sandeep Sharma,M Chinnaswamy Stadium,CB Gaffaney,C Shamshuddin,
42,43,0,0.33,2017,1,5/6/2017,4,1,1,1,normal,0,4,12,0,JD Unadkat,"Rajiv Gandhi International Stadium, Uppal",KN Ananthapadmanabhan,AK Chaudhary,
43,44,1.303,1.226,2017,8,5/6/2017,2,7,7,1,normal,0,2,146,0,LMP Simmons,Feroz Shah Kotla,Nitin Menon,CK Nandan,
44,45,0.995,1.011,2017,5,5/7/2017,5,6,6,1,normal,0,6,0,6,SP Narine,M Chinnaswamy Stadium,AY Dandekar,C Shamshuddin,
45,46,1.092,0,2017,9,5/7/2017,8,3,3,1,normal,0,3,0,6,DR Smith,"Punjab Cricket Association IS Bindra Stadium, Mohali",A Nand Kishore,VK Sharma,
46,47,1.303,0.33,2017,1,5/8/2017,2,1,2,2,normal,0,1,0,7,S Dhawan,"Rajiv Gandhi International Stadium, Uppal",KN Ananthapadmanabhan,M Erasmus,
47,48,1.092,1.011,2017,9,5/9/2017,8,6,6,1,normal,0,8,14,0,MM Sharma,"Punjab Cricket Association IS Bindra Stadium, Mohali",A Nand Kishore,S Ravi,
48,49,0,1.226,2017,10,5/10/2017,3,7,7,1,normal,0,7,0,2,SS Iyer,Green Park,YC Barde,AK Chaudhary,
49,50,1.092,1.303,2017,6,5/11/2017,8,2,2,1,normal,0,8,7,0,WP Saha,Wankhede Stadium,A Deshmukh,A Nand Kishore,
50,51,1.226,0,2017,8,5/12/2017,7,4,7,2,normal,0,7,7,0,KK Nair,Feroz Shah Kotla,KN Ananthapadmanabhan,CK Nandan,
51,52,0,0.33,2017,10,5/13/2017,3,1,1,1,normal,0,1,0,8,Mohammed Siraj,Green Park,AK Chaudhary,Nitin Menon,
52,53,1.303,1.011,2017,7,5/13/2017,2,6,6,1,normal,0,2,9,0,AT Rayudu,Eden Gardens,A Nand Kishore,S Ravi,
53,54,1.092,0,2017,2,5/14/2017,8,4,4,1,normal,0,4,0,9,JD Unadkat,Maharashtra Cricket Association Stadium,AY Dandekar,A Deshmukh,
54,55,0.995,1.226,2017,8,5/14/2017,5,7,5,2,normal,0,5,10,0,HV Patel,Feroz Shah Kotla,CK Nandan,C Shamshuddin,
55,56,0,1.303,2017,6,5/16/2017,4,2,2,1,normal,0,4,20,0,Washington Sundar,Wankhede Stadium,S Ravi,C Shamshuddin,
56,57,0.33,1.011,2017,5,5/17/2017,1,6,6,1,normal,1,6,0,7,NM Coulter-Nile,M Chinnaswamy Stadium,AK Chaudhary,Nitin Menon,
57,58,1.011,1.303,2017,5,5/19/2017,6,2,2,1,normal,0,2,0,6,KV Sharma,M Chinnaswamy Stadium,NJ Llong,Nitin Menon,
58,59,1.303,0,2017,1,5/21/2017,2,4,2,2,normal,0,2,1,0,KH Pandya,"Rajiv Gandhi International Stadium, Uppal",NJ Llong,S Ravi,
59,60,1.011,0.995,2008,5,4/18/2008,6,5,5,1,normal,0,6,140,0,BB McCullum,M Chinnaswamy Stadium,Asad Rauf,RE Koertzen,
60,61,1.407,1.092,2008,9,4/19/2008,9,8,9,2,normal,0,9,33,0,MEK Hussey,"Punjab Cricket Association Stadium, Mohali",MR Benson,SL Shastri,
61,62,1.56,1.226,2008,8,4/19/2008,10,7,10,2,normal,0,7,0,9,MF Maharoof,Feroz Shah Kotla,Aleem Dar,GA Pratapkumar,
62,63,1.303,0.995,2008,6,4/20/2008,2,5,2,2,normal,0,5,0,5,MV Boucher,Wankhede Stadium,SJ Davis,DJ Harper,
63,64,0,1.011,2008,7,4/20/2008,11,6,11,2,normal,0,6,0,5,DJ Hussey,Eden Gardens,BF Bowden,K Hariharan,
64,65,1.092,1.56,2008,11,4/21/2008,8,10,8,2,normal,0,10,0,6,SR Watson,Sawai Mansingh Stadium,Aleem Dar,RB Tiffin,
65,66,0,1.226,2008,1,4/22/2008,11,7,11,2,normal,0,7,0,9,V Sehwag,"Rajiv Gandhi International Stadium, Uppal",IL Howell,AM Saheba,
66,67,1.407,1.303,2008,12,4/23/2008,9,2,2,1,normal,0,9,6,0,ML Hayden,"MA Chidambaram Stadium, Chepauk",DJ Harper,GA Pratapkumar,
67,68,0,1.56,2008,1,4/24/2008,11,10,10,1,normal,0,10,0,3,YK Pathan,"Rajiv Gandhi International Stadium, Uppal",Asad Rauf,MR Benson,
68,69,1.092,1.303,2008,9,4/25/2008,8,2,2,1,normal,0,8,66,0,KC Sangakkara,"Punjab Cricket Association Stadium, Mohali",Aleem Dar,AM Saheba,
69,70,0.995,1.56,2008,5,4/26/2008,5,10,10,1,normal,0,10,0,7,SR Watson,M Chinnaswamy Stadium,MR Benson,IL Howell,
70,71,1.011,1.407,2008,12,4/26/2008,6,9,6,2,normal,0,9,0,9,JDP Oram,"MA Chidambaram Stadium, Chepauk",BF Bowden,AV Jayaprakash,
71,72,1.303,0,2008,6,4/27/2008,2,11,11,1,normal,0,11,0,10,AC Gilchrist,Dr DY Patil Sports Academy,Asad Rauf,SL Shastri,
72,73,1.226,1.092,2008,9,4/27/2008,7,8,7,2,normal,0,8,0,4,SM Katich,"Punjab Cricket Association Stadium, Mohali",RE Koertzen,I Shivram,
73,74,1.407,0.995,2008,5,4/28/2008,9,5,9,2,normal,0,9,13,0,MS Dhoni,M Chinnaswamy Stadium,BR Doctrove,RB Tiffin,
74,75,1.011,1.303,2008,7,4/29/2008,6,2,6,2,normal,0,2,0,7,ST Jayasuriya,Eden Gardens,BF Bowden,AV Jayaprakash,
75,76,1.226,0.995,2008,8,4/30/2008,7,5,5,1,normal,0,7,10,0,GD McGrath,Feroz Shah Kotla,Aleem Dar,I Shivram,
76,77,0,1.092,2008,1,5/1/2008,11,8,8,1,normal,0,8,0,7,SE Marsh,"Rajiv Gandhi International Stadium, Uppal",BR Doctrove,RB Tiffin,
77,78,1.56,1.011,2008,11,5/1/2008,10,6,10,2,normal,0,10,45,0,SA Asnodkar,Sawai Mansingh Stadium,RE Koertzen,GA Pratapkumar,
78,79,1.407,1.226,2008,12,5/2/2008,9,7,9,2,normal,0,7,0,8,V Sehwag,"MA Chidambaram Stadium, Chepauk",BF Bowden,K Hariharan,
79,80,0,0.995,2008,1,5/25/2008,11,5,11,2,normal,0,5,0,5,R Vinay Kumar,"Rajiv Gandhi International Stadium, Uppal",Asad Rauf,RE Koertzen,
80,81,1.092,1.011,2008,9,5/3/2008,8,6,8,2,normal,0,8,9,0,IK Pathan,"Punjab Cricket Association Stadium, Mohali",DJ Harper,I Shivram,
81,82,1.303,1.226,2008,6,5/4/2008,2,7,7,1,normal,0,2,29,0,SM Pollock,Dr DY Patil Sports Academy,IL Howell,RE Koertzen,
82,83,1.407,1.56,2008,11,5/4/2008,9,10,9,2,normal,0,10,0,8,Sohail Tanvir,Sawai Mansingh Stadium,Asad Rauf,AV Jayaprakash,
83,84,0.995,1.092,2008,5,5/5/2008,5,8,8,1,normal,0,8,0,6,S Sreesanth,M Chinnaswamy Stadium,SJ Davis,BR Doctrove,
84,85,1.407,0,2008,12,5/6/2008,9,11,11,1,normal,0,11,0,7,AC Gilchrist,"MA Chidambaram Stadium, Chepauk",MR Benson,RB Tiffin,
85,86,1.56,1.303,2008,6,5/7/2008,10,2,2,1,normal,0,2,0,7,A Nehra,Dr DY Patil Sports Academy,DJ Harper,RE Koertzen,
86,87,1.226,1.407,2008,8,5/8/2008,7,9,9,1,normal,0,9,0,4,MS Dhoni,Feroz Shah Kotla,Aleem Dar,RB Tiffin,
87,88,1.011,0.995,2008,7,5/8/2008,6,5,6,2,normal,0,6,5,0,SC Ganguly,Eden Gardens,Asad Rauf,IL Howell,
88,89,0,1.56,2008,11,5/9/2008,11,10,10,1,normal,0,10,0,8,YK Pathan,Sawai Mansingh Stadium,MR Benson,AM Saheba,
89,90,0.995,1.303,2008,5,5/28/2008,5,2,2,1,normal,0,2,0,9,CRD Fernando,M Chinnaswamy Stadium,BF Bowden,AV Jayaprakash,
90,91,1.407,1.092,2008,12,5/10/2008,9,8,8,1,normal,0,9,18,0,L Balaji,"MA Chidambaram Stadium, Chepauk",AV Jayaprakash,BG Jerling,
91,92,1.011,0,2008,1,5/11/2008,6,11,6,2,normal,0,6,23,0,SC Ganguly,"Rajiv Gandhi International Stadium, Uppal",IL Howell,AM Saheba,
92,93,1.226,1.56,2008,11,5/11/2008,7,10,10,1,normal,0,10,0,3,SR Watson,Sawai Mansingh Stadium,SJ Davis,RE Koertzen,
93,94,0.995,1.092,2008,9,5/12/2008,5,8,5,2,normal,0,8,0,9,SE Marsh,"Punjab Cricket Association Stadium, Mohali",BR Doctrove,I Shivram,
94,95,1.011,1.226,2008,7,5/13/2008,6,7,6,2,normal,0,6,23,0,Shoaib Akhtar,Eden Gardens,Asad Rauf,IL Howell,
95,96,1.407,1.303,2008,6,5/14/2008,9,2,2,1,normal,0,2,0,9,ST Jayasuriya,Wankhede Stadium,BR Doctrove,AM Saheba,
96,97,1.092,1.56,2008,9,5/28/2008,8,10,10,1,normal,0,8,41,0,SE Marsh,"Punjab Cricket Association Stadium, Mohali",SJ Davis,K Hariharan,
97,98,1.226,0,2008,8,5/15/2008,7,11,11,1,normal,0,7,12,0,A Mishra,Feroz Shah Kotla,BG Jerling,GA Pratapkumar,
98,99,1.011,1.303,2008,6,5/16/2008,6,2,2,1,normal,0,2,0,8,SM Pollock,Wankhede Stadium,BR Doctrove,DJ Harper,
99,100,1.226,1.092,2008,8,5/17/2008,7,8,7,2,normal,1,8,6,0,DPMD Jayawardene,Feroz Shah Kotla,AV Jayaprakash,RE Koertzen,
100,101,1.56,0.995,2008,11,5/17/2008,10,5,5,1,normal,0,10,65,0,GC Smith,Sawai Mansingh Stadium,BF Bowden,SL Shastri,
101,102,1.303,0,2008,1,5/18/2008,2,11,11,1,normal,0,2,25,0,DJ Bravo,"Rajiv Gandhi International Stadium, Uppal",BR Doctrove,DJ Harper,
102,103,1.011,1.407,2008,7,5/18/2008,6,9,6,2,normal,1,9,3,0,M Ntini,Eden Gardens,Asad Rauf,K Hariharan,
103,104,0.995,1.226,2008,5,5/19/2008,5,7,7,1,normal,0,7,0,5,SP Goswami,M Chinnaswamy Stadium,SJ Davis,GA Pratapkumar,
104,105,1.011,1.56,2008,7,5/20/2008,6,10,10,1,normal,0,10,0,6,YK Pathan,Eden Gardens,BG Jerling,RE Koertzen,
105,106,1.092,1.303,2008,6,5/21/2008,8,2,2,1,normal,0,8,1,0,SE Marsh,Wankhede Stadium,BF Bowden,GA Pratapkumar,
106,107,0.995,1.407,2008,12,5/21/2008,5,9,5,2,normal,0,5,14,0,A Kumble,"MA Chidambaram Stadium, Chepauk",DJ Harper,I Shivram,
107,108,0,1.092,2008,9,5/23/2008,11,8,8,1,normal,0,8,0,6,SE Marsh,"Punjab Cricket Association Stadium, Mohali",Asad Rauf,SJ Davis,
108,109,1.303,1.226,2008,8,5/24/2008,2,7,7,1,normal,0,7,0,5,KD Karthik,Feroz Shah Kotla,BF Bowden,K Hariharan,
109,110,1.56,1.407,2008,12,5/24/2008,10,9,10,2,normal,0,10,10,0,JA Morkel,"MA Chidambaram Stadium, Chepauk",DJ Harper,SL Shastri,
110,111,0.995,0,2008,5,5/3/2008,5,11,11,1,normal,0,5,3,0,P Kumar,M Chinnaswamy Stadium,BR Doctrove,SL Shastri,
111,112,1.092,1.011,2008,7,5/25/2008,8,6,8,2,normal,0,6,0,3,Umar Gul,Eden Gardens,SJ Davis,I Shivram,
112,113,1.303,1.56,2008,11,5/26/2008,2,10,10,1,normal,0,10,0,5,Sohail Tanvir,Sawai Mansingh Stadium,BF Bowden,K Hariharan,
113,114,0,1.407,2008,1,5/27/2008,11,9,11,2,normal,0,9,0,7,SK Raina,"Rajiv Gandhi International Stadium, Uppal",BG Jerling,AM Saheba,
114,115,1.56,1.226,2008,6,5/30/2008,10,7,7,1,normal,0,10,105,0,SR Watson,Wankhede Stadium,BF Bowden,RE Koertzen,
115,116,1.092,1.407,2008,6,5/31/2008,8,9,8,2,normal,0,9,0,9,M Ntini,Wankhede Stadium,Asad Rauf,DJ Harper,
116,117,1.407,1.56,2008,6,6/1/2008,9,10,10,1,normal,0,10,0,3,YK Pathan,Dr DY Patil Sports Academy,BF Bowden,RE Koertzen,
117,118,1.303,1.407,2009,13,4/18/2009,2,9,9,1,normal,0,2,19,0,SR Tendulkar,Newlands,BR Doctrove,K Hariharan,
118,119,0.995,1.56,2009,13,4/18/2009,5,10,5,2,normal,0,5,75,0,R Dravid,Newlands,BR Doctrove,RB Tiffin,
119,120,1.092,1.226,2009,13,4/19/2009,8,7,7,1,normal,1,7,0,10,DL Vettori,Newlands,MR Benson,SD Ranade,
120,121,1.011,0,2009,13,4/19/2009,6,11,6,2,normal,0,11,0,8,RP Singh,Newlands,MR Benson,BR Doctrove,
121,122,1.407,0.995,2009,14,4/20/2009,9,5,9,2,normal,0,9,92,0,M Muralitharan,St George's Park,BG Jerling,SJA Taufel,
122,123,1.092,1.011,2009,15,4/21/2009,8,6,6,1,normal,1,6,11,0,CH Gayle,Kingsmead,DJ Harper,SD Ranade,
123,124,0,0.995,2009,13,4/22/2009,11,5,11,2,normal,0,11,24,0,AC Gilchrist,Newlands,M Erasmus,AM Saheba,
124,125,1.226,1.407,2009,15,4/23/2009,7,9,7,2,normal,0,7,9,0,AB de Villiers,Kingsmead,BR Doctrove,SJA Taufel,
125,126,1.56,1.011,2009,13,4/23/2009,10,6,6,1,tie,0,10,0,0,YK Pathan,Newlands,MR Benson,M Erasmus,
126,127,0.995,1.092,2009,15,4/24/2009,5,8,5,2,normal,0,8,0,7,RS Bopara,Kingsmead,BR Doctrove,TH Wijewardene,
127,128,0,1.303,2009,15,4/25/2009,11,2,11,2,normal,0,11,12,0,PP Ojha,Kingsmead,HDPK Dharmasena,SJA Taufel,
128,129,0.995,1.226,2009,14,4/26/2009,5,7,5,2,normal,0,7,0,6,TM Dilshan,St George's Park,S Asnani,BG Jerling,
129,130,1.092,1.56,2009,13,4/26/2009,8,10,8,2,normal,0,8,27,0,KC Sangakkara,Newlands,M Erasmus,K Hariharan,
130,131,1.407,0,2009,15,4/27/2009,9,11,11,1,normal,0,11,0,6,HH Gibbs,Kingsmead,IL Howell,TH Wijewardene,
131,132,1.303,1.011,2009,14,4/27/2009,2,6,2,2,normal,0,2,92,0,SR Tendulkar,St George's Park,BG Jerling,RB Tiffin,
132,133,1.226,1.56,2009,16,4/28/2009,7,10,7,2,normal,0,10,0,5,YK Pathan,SuperSport Park,GAV Baxter,RE Koertzen,
133,134,1.011,0.995,2009,15,4/29/2009,6,5,6,2,normal,0,5,0,5,MV Boucher,Kingsmead,MR Benson,TH Wijewardene,
134,135,1.092,1.303,2009,15,4/29/2009,8,2,8,2,normal,0,8,3,0,KC Sangakkara,Kingsmead,MR Benson,SL Shastri,
135,136,0,1.226,2009,16,4/30/2009,11,7,7,1,normal,0,7,0,6,DP Nannes,SuperSport Park,GAV Baxter,AM Saheba,
136,137,1.407,1.56,2009,16,4/30/2009,9,10,10,1,normal,0,9,38,0,SK Raina,SuperSport Park,GAV Baxter,RE Koertzen,
137,138,1.303,1.011,2009,17,5/1/2009,2,6,2,2,normal,0,2,9,0,JP Duminy,Buffalo Park,M Erasmus,SK Tarapore,
138,139,0.995,1.092,2009,15,5/1/2009,5,8,5,2,normal,0,5,8,0,Yuvraj Singh,Kingsmead,HDPK Dharmasena,S Ravi,
139,140,0,1.56,2009,14,5/2/2009,11,10,11,2,normal,0,10,0,3,YK Pathan,St George's Park,S Asnani,BG Jerling,
140,141,1.407,1.226,2009,18,5/2/2009,9,7,7,1,normal,0,9,18,0,SB Jakati,New Wanderers Stadium,DJ Harper,RE Koertzen,
141,142,1.011,1.092,2009,14,5/3/2009,6,8,6,2,normal,0,8,0,6,DPMD Jayawardene,St George's Park,S Asnani,MR Benson,
142,143,1.303,0.995,2009,18,5/3/2009,2,5,2,2,normal,0,5,0,9,JH Kallis,New Wanderers Stadium,RE Koertzen,TH Wijewardene,
143,144,1.407,0,2009,17,5/4/2009,9,11,9,2,normal,0,9,78,0,MS Dhoni,Buffalo Park,BR Doctrove,M Erasmus,
144,145,1.56,1.092,2009,15,5/5/2009,10,8,8,1,normal,0,10,78,0,GC Smith,Kingsmead,SS Hazare,IL Howell,
145,146,1.011,1.226,2009,15,5/5/2009,6,7,6,2,normal,0,7,0,9,G Gambhir,Kingsmead,GAV Baxter,IL Howell,
146,147,0,1.303,2009,16,5/6/2009,11,2,11,2,normal,0,11,19,0,RG Sharma,SuperSport Park,MR Benson,HDPK Dharmasena,
147,148,0.995,1.56,2009,16,5/7/2009,5,10,10,1,normal,0,10,0,7,A Singh,SuperSport Park,K Hariharan,DJ Harper,
148,149,1.407,1.092,2009,16,5/7/2009,9,8,9,2,normal,1,9,12,0,ML Hayden,SuperSport Park,DJ Harper,TH Wijewardene,
149,150,1.303,1.226,2009,17,5/8/2009,2,7,2,2,normal,0,7,0,7,A Nehra,Buffalo Park,M Erasmus,SK Tarapore,
150,151,0,1.092,2009,19,5/9/2009,11,8,8,1,normal,0,8,0,3,DPMD Jayawardene,De Beers Diamond Oval,GAV Baxter,AM Saheba,
151,152,1.56,1.407,2009,19,5/9/2009,10,9,10,2,normal,0,9,0,7,S Badrinath,De Beers Diamond Oval,GAV Baxter,HDPK Dharmasena,
152,153,1.303,0.995,2009,14,5/10/2009,2,5,2,2,normal,0,2,16,0,JP Duminy,St George's Park,BR Doctrove,BG Jerling,
153,154,1.011,1.226,2009,18,5/10/2009,6,7,7,1,normal,0,7,0,7,A Mishra,New Wanderers Stadium,SL Shastri,RB Tiffin,
154,155,0,1.56,2009,19,5/11/2009,11,10,11,2,normal,0,11,53,0,DR Smith,De Beers Diamond Oval,GAV Baxter,HDPK Dharmasena,
155,156,1.011,0.995,2009,16,5/12/2009,6,5,5,1,normal,0,5,0,6,LRPL Taylor,SuperSport Park,M Erasmus,SS Hazare,
156,157,1.092,1.303,2009,16,5/12/2009,8,2,8,2,normal,0,2,0,8,Harbhajan Singh,SuperSport Park,SS Hazare,RE Koertzen,
157,158,1.226,0,2009,15,5/13/2009,7,11,11,1,normal,0,7,12,0,R Bhatia,Kingsmead,DJ Harper,SL Shastri,
158,159,1.407,0.995,2009,15,5/14/2009,9,5,9,2,normal,0,5,0,2,LRPL Taylor,Kingsmead,BR Doctrove,DJ Harper,
159,160,1.56,1.303,2009,15,5/14/2009,10,2,10,2,normal,0,10,2,0,SK Warne,Kingsmead,BR Doctrove,DJ Harper,
160,161,1.226,1.092,2009,20,5/15/2009,7,8,8,1,normal,0,8,0,6,B Lee,OUTsurance Oval,HDPK Dharmasena,IL Howell,
161,162,1.303,1.407,2009,14,5/16/2009,2,9,2,2,normal,0,9,0,7,ML Hayden,St George's Park,SK Tarapore,SJA Taufel,
162,163,1.011,0,2009,18,5/16/2009,6,11,11,1,normal,0,11,0,6,RG Sharma,New Wanderers Stadium,RE Koertzen,S Ravi,
163,164,1.092,0,2009,18,5/17/2009,8,11,11,1,normal,0,8,1,0,Yuvraj Singh,New Wanderers Stadium,S Ravi,RB Tiffin,
164,165,1.226,1.56,2009,20,5/17/2009,7,10,7,2,normal,0,7,14,0,AB de Villiers,OUTsurance Oval,SS Hazare,IL Howell,
165,166,1.407,1.011,2009,16,5/18/2009,9,6,9,2,normal,0,6,0,7,BJ Hodge,SuperSport Park,SJA Taufel,RB Tiffin,
166,167,1.226,0.995,2009,18,5/19/2009,7,5,7,2,normal,0,5,0,7,JH Kallis,New Wanderers Stadium,IL Howell,RB Tiffin,
167,168,1.56,1.011,2009,15,5/20/2009,10,6,6,1,normal,0,6,0,4,LR Shukla,Kingsmead,BG Jerling,SJA Taufel,
168,169,1.407,1.092,2009,15,5/20/2009,9,8,9,2,normal,0,9,24,0,M Muralitharan,Kingsmead,BG Jerling,SJA Taufel,
169,170,1.303,1.226,2009,16,5/21/2009,2,7,7,1,normal,0,7,0,4,V Sehwag,SuperSport Park,IL Howell,S Ravi,
170,171,0.995,0,2009,16,5/21/2009,5,11,5,2,normal,0,5,12,0,MK Pandey,SuperSport Park,IL Howell,S Ravi,
171,172,1.226,0,2009,16,5/22/2009,7,11,11,1,normal,0,11,0,6,AC Gilchrist,SuperSport Park,BR Doctrove,DJ Harper,
172,173,1.407,0.995,2009,18,5/23/2009,9,5,5,1,normal,0,5,0,6,MK Pandey,New Wanderers Stadium,RE Koertzen,SJA Taufel,
173,174,0,0.995,2009,18,5/24/2009,11,5,5,1,normal,0,11,6,0,A Kumble,New Wanderers Stadium,RE Koertzen,SJA Taufel,
174,175,1.011,0,2010,6,3/12/2010,6,11,11,1,normal,0,6,11,0,AD Mathews,Dr DY Patil Sports Academy,RE Koertzen,RB Tiffin,
175,176,1.303,1.56,2010,6,3/13/2010,2,10,2,2,normal,0,2,4,0,YK Pathan,Brabourne Stadium,RE Koertzen,RB Tiffin,
176,177,1.092,1.226,2010,9,3/13/2010,8,7,7,1,normal,0,7,0,5,G Gambhir,"Punjab Cricket Association Stadium, Mohali",BR Doctrove,S Ravi,
177,178,0.995,1.011,2010,7,3/14/2010,5,6,6,1,normal,0,6,0,7,MK Tiwary,Eden Gardens,HDPK Dharmasena,AM Saheba,
178,179,0,1.407,2010,12,3/14/2010,11,9,11,2,normal,0,11,31,0,WPUJC Vaas,"MA Chidambaram Stadium, Chepauk",K Hariharan,DJ Harper,
179,180,1.56,1.226,2010,21,3/15/2010,10,7,7,1,normal,0,7,0,6,V Sehwag,"Sardar Patel Stadium, Motera",BG Jerling,RE Koertzen,
180,181,1.092,0.995,2010,5,3/16/2010,8,5,8,2,normal,0,5,0,8,JH Kallis,M Chinnaswamy Stadium,S Das,DJ Harper,
181,182,1.407,1.011,2010,7,3/16/2010,9,6,9,2,normal,0,9,55,0,MS Dhoni,Eden Gardens,HDPK Dharmasena,AM Saheba,
182,183,1.303,1.226,2010,8,3/17/2010,2,7,7,1,normal,0,2,98,0,SR Tendulkar,Feroz Shah Kotla,BR Doctrove,SK Tarapore,
183,184,1.56,0.995,2010,5,3/18/2010,10,5,5,1,normal,0,5,0,10,JH Kallis,M Chinnaswamy Stadium,K Hariharan,DJ Harper,
184,185,1.226,1.407,2010,8,3/19/2010,7,9,7,2,normal,0,9,0,5,ML Hayden,Feroz Shah Kotla,BR Doctrove,SK Tarapore,
185,186,0,1.092,2010,22,3/19/2010,11,8,8,1,normal,0,11,6,0,A Symonds,Barabati Stadium,BF Bowden,M Erasmus,
186,187,1.56,1.011,2010,21,3/20/2010,10,6,10,2,normal,0,10,34,0,AA Jhunjhunwala,"Sardar Patel Stadium, Motera",RE Koertzen,RB Tiffin,
187,188,1.303,0.995,2010,6,3/20/2010,2,5,2,2,normal,0,5,0,7,JH Kallis,Brabourne Stadium,HDPK Dharmasena,SS Hazare,
188,189,0,1.226,2010,22,3/21/2010,11,7,11,2,normal,0,11,10,0,A Symonds,Barabati Stadium,BF Bowden,M Erasmus,
189,190,1.092,1.407,2010,12,3/21/2010,8,9,9,1,tie,0,8,0,0,J Theron,"MA Chidambaram Stadium, Chepauk",K Hariharan,DJ Harper,
190,191,1.011,1.303,2010,6,3/22/2010,6,2,6,2,normal,0,2,0,7,SR Tendulkar,Brabourne Stadium,SS Hazare,SJA Taufel,
191,192,0.995,1.407,2010,5,3/23/2010,5,9,9,1,normal,0,5,36,0,RV Uthappa,M Chinnaswamy Stadium,RE Koertzen,RB Tiffin,
192,193,1.56,1.092,2010,9,3/24/2010,10,8,8,1,normal,0,10,31,0,AC Voges,"Punjab Cricket Association Stadium, Mohali",BR Doctrove,SK Tarapore,
193,194,1.407,1.303,2010,6,3/25/2010,9,2,2,1,normal,0,2,0,5,SR Tendulkar,Brabourne Stadium,BF Bowden,AM Saheba,
194,195,0,1.56,2010,21,3/26/2010,11,10,11,2,normal,0,10,0,8,YK Pathan,"Sardar Patel Stadium, Motera",HDPK Dharmasena,SJA Taufel,
195,196,1.011,1.092,2010,9,3/27/2010,6,8,6,2,normal,0,6,39,0,MK Tiwary,"Punjab Cricket Association Stadium, Mohali",BR Doctrove,S Ravi,
196,197,1.226,0.995,2010,5,3/25/2010,7,5,5,1,normal,0,7,17,0,KM Jadhav,M Chinnaswamy Stadium,BG Jerling,RE Koertzen,
197,198,1.56,1.407,2010,21,3/28/2010,10,9,10,2,normal,0,10,17,0,NV Ojha,"Sardar Patel Stadium, Motera",SS Hazare,SJA Taufel,
198,199,1.303,0,2010,6,3/28/2010,2,11,11,1,normal,0,2,41,0,Harbhajan Singh,Dr DY Patil Sports Academy,S Das,K Hariharan,
199,200,1.226,1.011,2010,8,3/29/2010,7,6,7,2,normal,0,7,40,0,DA Warner,Feroz Shah Kotla,SS Hazare,SJA Taufel,
200,201,1.092,1.303,2010,6,3/30/2010,8,2,2,1,normal,0,2,0,4,SL Malinga,Brabourne Stadium,BR Doctrove,SK Tarapore,
201,202,0.995,1.407,2010,12,3/31/2010,5,9,5,2,normal,0,9,0,5,M Vijay,"MA Chidambaram Stadium, Chepauk",BG Jerling,RE Koertzen,
202,203,1.226,1.56,2010,8,3/31/2010,7,10,7,2,normal,0,7,67,0,KD Karthik,Feroz Shah Kotla,HDPK Dharmasena,SJA Taufel,
203,204,1.011,0,2010,7,4/1/2010,6,11,6,2,normal,0,6,24,0,SC Ganguly,Eden Gardens,K Hariharan,DJ Harper,
204,205,1.092,0.995,2010,9,4/2/2010,8,5,8,2,normal,0,5,0,6,KP Pietersen,"Punjab Cricket Association Stadium, Mohali",BF Bowden,M Erasmus,
205,206,1.407,1.56,2010,12,4/3/2010,9,10,9,2,normal,0,9,23,0,M Vijay,"MA Chidambaram Stadium, Chepauk",RE Koertzen,RB Tiffin,
206,207,1.303,0,2010,6,4/3/2010,2,11,2,2,normal,0,2,63,0,AT Rayudu,Brabourne Stadium,BR Doctrove,S Ravi,
207,208,1.011,1.092,2010,7,4/4/2010,6,8,6,2,normal,0,8,0,8,DPMD Jayawardene,Eden Gardens,S Asnani,DJ Harper,
208,209,1.226,0.995,2010,8,4/4/2010,7,5,7,2,normal,0,7,37,0,PD Collingwood,Feroz Shah Kotla,BF Bowden,M Erasmus,
209,210,1.56,0,2010,23,4/5/2010,10,11,10,2,normal,0,10,2,0,SK Warne,"Vidarbha Cricket Association Stadium, Jamtha",HDPK Dharmasena,SJA Taufel,
210,211,1.407,1.303,2010,12,4/6/2010,9,2,9,2,normal,0,9,24,0,SK Raina,"MA Chidambaram Stadium, Chepauk",S Asnani,DJ Harper,
211,212,1.092,1.56,2010,11,4/7/2010,8,10,8,2,normal,0,10,0,9,MJ Lumb,Sawai Mansingh Stadium,S Ravi,SK Tarapore,
212,213,1.011,1.226,2010,7,4/7/2010,6,7,6,2,normal,0,6,14,0,SC Ganguly,Eden Gardens,BG Jerling,RE Koertzen,
213,214,0.995,0,2010,5,4/8/2010,5,11,11,1,normal,0,11,0,7,TL Suman,M Chinnaswamy Stadium,S Asnani,DJ Harper,
214,215,1.303,1.092,2010,9,4/9/2010,2,8,2,2,normal,0,8,0,6,KC Sangakkara,"Punjab Cricket Association Stadium, Mohali",M Erasmus,AM Saheba,
215,216,1.407,0,2010,23,4/10/2010,9,11,9,2,normal,0,11,0,6,RJ Harris,"Vidarbha Cricket Association Stadium, Jamtha",HDPK Dharmasena,SJA Taufel,
216,217,1.011,0.995,2010,5,4/10/2010,6,5,5,1,normal,0,5,0,7,R Vinay Kumar,M Chinnaswamy Stadium,K Hariharan,DJ Harper,
217,218,1.226,1.092,2010,8,4/11/2010,7,8,7,2,normal,0,8,0,7,PP Chawla,Feroz Shah Kotla,BF Bowden,AM Saheba,
218,219,1.303,1.56,2010,11,4/11/2010,2,10,10,1,normal,0,2,37,0,SR Tendulkar,Sawai Mansingh Stadium,BR Doctrove,SK Tarapore,
219,220,0,0.995,2010,23,4/12/2010,11,5,5,1,normal,0,11,13,0,Harmeet Singh,"Vidarbha Cricket Association Stadium, Jamtha",RE Koertzen,RB Tiffin,
220,221,1.303,1.226,2010,6,4/13/2010,2,7,2,2,normal,0,2,39,0,KA Pollard,Brabourne Stadium,S Asnani,DJ Harper,
221,222,1.011,1.407,2010,12,4/13/2010,6,9,6,2,normal,0,9,0,9,R Ashwin,"MA Chidambaram Stadium, Chepauk",SS Hazare,SJA Taufel,
222,223,1.56,0.995,2010,11,4/14/2010,10,5,10,2,normal,0,5,0,5,KP Pietersen,Sawai Mansingh Stadium,BR Doctrove,S Ravi,
223,224,1.407,1.226,2010,12,4/15/2010,9,7,9,2,normal,0,7,0,6,G Gambhir,"MA Chidambaram Stadium, Chepauk",HDPK Dharmasena,SS Hazare,
224,225,1.092,0,2010,24,4/16/2010,8,11,11,1,normal,0,11,0,5,RG Sharma,Himachal Pradesh Cricket Association Stadium,M Erasmus,AM Saheba,
225,226,1.303,0.995,2010,5,4/17/2010,2,5,5,1,normal,0,2,57,0,R McLaren,M Chinnaswamy Stadium,HDPK Dharmasena,SJA Taufel,
226,227,1.56,1.011,2010,7,4/17/2010,10,6,10,2,normal,0,6,0,8,JD Unadkat,Eden Gardens,BG Jerling,RB Tiffin,
227,228,1.092,1.407,2010,24,4/18/2010,8,9,9,1,normal,0,9,0,6,MS Dhoni,Himachal Pradesh Cricket Association Stadium,BF Bowden,AM Saheba,
228,229,0,1.226,2010,8,4/18/2010,11,7,11,2,normal,0,11,11,0,A Symonds,Feroz Shah Kotla,BR Doctrove,SK Tarapore,
229,230,1.303,1.011,2010,7,4/19/2010,2,6,2,2,normal,0,6,0,9,M Kartik,Eden Gardens,BG Jerling,RE Koertzen,
230,231,1.303,0.995,2010,6,4/21/2010,2,5,2,2,normal,0,2,35,0,KA Pollard,Dr DY Patil Sports Academy,BR Doctrove,RB Tiffin,
231,232,1.407,0,2010,6,4/22/2010,9,11,9,2,normal,0,9,38,0,DE Bollinger,Dr DY Patil Sports Academy,BR Doctrove,RB Tiffin,
232,233,0,0.995,2010,6,4/24/2010,11,5,11,2,normal,0,5,0,9,A Kumble,Dr DY Patil Sports Academy,RE Koertzen,SJA Taufel,
233,234,1.407,1.303,2010,6,4/25/2010,9,2,9,2,normal,0,9,22,0,SK Raina,Dr DY Patil Sports Academy,RE Koertzen,SJA Taufel,
234,235,1.407,1.011,2011,12,4/8/2011,9,6,9,2,normal,0,9,2,0,S Anirudha,"MA Chidambaram Stadium, Chepauk",BR Doctrove,PR Reiffel,
235,236,0,1.56,2011,1,4/9/2011,11,10,10,1,normal,0,10,0,8,SK Trivedi,"Rajiv Gandhi International Stadium, Uppal",RE Koertzen,SK Tarapore,
236,237,0,0.995,2011,25,4/9/2011,12,5,12,2,normal,0,5,0,6,AB de Villiers,Nehru Stadium,HDPK Dharmasena,K Hariharan,
237,238,1.226,1.303,2011,8,4/10/2011,7,2,7,2,normal,0,2,0,8,SL Malinga,Feroz Shah Kotla,AM Saheba,RB Tiffin,
238,239,1.092,0,2011,6,4/10/2011,8,13,8,2,normal,0,13,0,7,SB Wagh,Dr DY Patil Sports Academy,BR Doctrove,PR Reiffel,
239,240,1.011,0,2011,7,4/11/2011,6,11,6,2,normal,0,6,9,0,JH Kallis,Eden Gardens,RE Koertzen,SK Tarapore,
240,241,1.226,1.56,2011,11,4/12/2011,7,10,7,2,normal,0,10,0,6,SK Warne,Sawai Mansingh Stadium,Aleem Dar,RB Tiffin,
241,242,0.995,1.303,2011,5,4/12/2011,5,2,2,1,normal,0,2,0,9,SR Tendulkar,M Chinnaswamy Stadium,HDPK Dharmasena,AL Hill,
242,243,1.407,1.092,2011,9,4/13/2011,9,8,8,1,normal,0,8,0,6,PC Valthaty,"Punjab Cricket Association Stadium, Mohali",Asad Rauf,SL Shastri,
243,244,0,0,2011,6,4/13/2011,12,13,12,2,normal,0,13,0,4,MD Mishra,Dr DY Patil Sports Academy,S Asnani,PR Reiffel,
244,245,0,0.995,2011,1,4/14/2011,11,5,5,1,normal,0,11,33,0,DW Steyn,"Rajiv Gandhi International Stadium, Uppal",RE Koertzen,S Ravi,
245,246,1.56,1.011,2011,11,4/15/2011,10,6,6,1,normal,0,6,0,9,G Gambhir,Sawai Mansingh Stadium,Aleem Dar,SS Hazare,
246,247,1.303,0,2011,6,4/15/2011,2,12,12,1,normal,0,12,0,8,BB McCullum,Wankhede Stadium,BR Doctrove,PR Reiffel,
247,248,1.407,0.995,2011,12,4/16/2011,9,5,9,2,normal,0,9,21,0,MEK Hussey,"MA Chidambaram Stadium, Chepauk",HDPK Dharmasena,AL Hill,
248,249,0,1.092,2011,1,4/16/2011,11,8,8,1,normal,0,8,0,8,PC Valthaty,"Rajiv Gandhi International Stadium, Uppal",RE Koertzen,S Ravi,
249,250,0,1.226,2011,6,4/17/2011,13,7,7,1,normal,0,7,0,3,Yuvraj Singh,Dr DY Patil Sports Academy,Asad Rauf,AM Saheba,
250,251,1.56,1.011,2011,7,4/17/2011,10,6,6,1,normal,0,6,0,8,L Balaji,Eden Gardens,Aleem Dar,RB Tiffin,
251,252,1.407,0,2011,25,4/18/2011,9,12,12,1,normal,1,12,0,7,BB McCullum,Nehru Stadium,K Hariharan,AL Hill,
252,253,0,1.226,2011,8,4/19/2011,11,7,11,2,normal,0,11,16,0,S Sohal,Feroz Shah Kotla,PR Reiffel,RJ Tucker,
253,254,0,1.303,2011,6,4/20/2011,13,2,13,2,normal,0,2,0,7,MM Patel,Wankhede Stadium,Asad Rauf,AM Saheba,
254,255,0,1.011,2011,7,4/20/2011,12,6,6,1,normal,0,12,6,0,DPMD Jayawardene,Eden Gardens,Aleem Dar,RB Tiffin,
255,256,1.092,1.56,2011,9,4/21/2011,8,10,10,1,normal,0,8,48,0,SE Marsh,"Punjab Cricket Association Stadium, Mohali",S Asnani,PR Reiffel,
256,257,1.303,1.407,2011,6,4/22/2011,2,9,9,1,normal,0,2,8,0,Harbhajan Singh,Wankhede Stadium,Asad Rauf,AM Saheba,
257,258,1.011,0.995,2011,7,4/22/2011,6,5,5,1,normal,0,5,0,9,CH Gayle,Eden Gardens,SS Hazare,RB Tiffin,
258,259,1.226,1.092,2011,8,4/23/2011,7,8,8,1,normal,0,7,29,0,DA Warner,Feroz Shah Kotla,S Asnani,RE Koertzen,
259,260,1.303,0,2011,1,4/24/2011,2,11,11,1,normal,0,2,37,0,SL Malinga,"Rajiv Gandhi International Stadium, Uppal",HDPK Dharmasena,AL Hill,
260,261,0,1.56,2011,11,4/24/2011,12,10,10,1,normal,0,10,0,8,SK Warne,Sawai Mansingh Stadium,BR Doctrove,SK Tarapore,
261,262,1.407,0,2011,12,4/25/2011,9,13,13,1,normal,0,9,25,0,MEK Hussey,"MA Chidambaram Stadium, Chepauk",Aleem Dar,RB Tiffin,
262,263,1.226,0.995,2011,8,4/26/2011,7,5,5,1,normal,0,5,0,3,V Kohli,Feroz Shah Kotla,S Asnani,RJ Tucker,
263,264,0,1.407,2011,6,4/27/2011,13,9,13,2,normal,0,9,0,8,DE Bollinger,Dr DY Patil Sports Academy,Asad Rauf,SL Shastri,
264,265,0,0,2011,25,4/27/2011,11,12,12,1,normal,0,11,55,0,I Sharma,Nehru Stadium,HDPK Dharmasena,AL Hill,
265,266,1.011,1.226,2011,8,4/28/2011,6,7,7,1,normal,0,6,17,0,MK Tiwary,Feroz Shah Kotla,PR Reiffel,RJ Tucker,
266,267,1.303,1.56,2011,11,4/29/2011,2,10,10,1,normal,0,10,0,7,J Botha,Sawai Mansingh Stadium,Asad Rauf,SK Tarapore,
267,268,0.995,0,2011,5,4/29/2011,5,13,13,1,normal,0,5,26,0,V Kohli,M Chinnaswamy Stadium,Aleem Dar,SS Hazare,
268,269,1.226,0,2011,25,4/30/2011,7,12,7,2,normal,0,7,38,0,V Sehwag,Nehru Stadium,HDPK Dharmasena,AL Hill,
269,270,1.092,1.011,2011,7,4/30/2011,8,6,6,1,normal,0,6,0,8,Iqbal Abdulla,Eden Gardens,AM Saheba,SL Shastri,
270,271,0,1.56,2011,11,5/1/2011,13,10,10,1,normal,0,10,0,6,LRPL Taylor,Sawai Mansingh Stadium,SK Tarapore,SJA Taufel,
271,272,1.407,0,2011,12,5/1/2011,9,11,9,2,normal,0,9,19,0,JA Morkel,"MA Chidambaram Stadium, Chepauk",Aleem Dar,RB Tiffin,
272,273,1.303,1.092,2011,6,5/2/2011,2,8,8,1,normal,0,2,23,0,KA Pollard,Wankhede Stadium,HDPK Dharmasena,PR Reiffel,
273,274,1.226,0,2011,8,5/2/2011,7,12,12,1,normal,0,12,0,7,P Parameswaran,Feroz Shah Kotla,Asad Rauf,SL Shastri,
274,275,1.011,0,2011,1,5/3/2011,6,11,11,1,normal,0,6,20,0,YK Pathan,"Rajiv Gandhi International Stadium, Uppal",S Asnani,RJ Tucker,
275,276,1.56,1.407,2011,12,5/4/2011,10,9,10,2,normal,0,9,0,8,MEK Hussey,"MA Chidambaram Stadium, Chepauk",SS Hazare,RB Tiffin,
276,277,1.303,0,2011,6,5/4/2011,2,13,13,1,normal,0,2,21,0,R Sharma,Dr DY Patil Sports Academy,HDPK Dharmasena,SJA Taufel,
277,278,0,1.011,2011,25,5/5/2011,12,6,6,1,normal,0,12,17,0,BJ Hodge,Nehru Stadium,S Ravi,RJ Tucker,
278,279,0,1.226,2011,1,5/5/2011,11,7,7,1,normal,0,7,0,4,V Sehwag,"Rajiv Gandhi International Stadium, Uppal",Asad Rauf,AM Saheba,
279,280,0.995,1.092,2011,5,5/6/2011,5,8,8,1,normal,0,5,85,0,CH Gayle,M Chinnaswamy Stadium,Aleem Dar,RB Tiffin,
280,281,1.407,1.011,2011,7,5/7/2011,9,6,9,2,normal,1,6,10,0,Iqbal Abdulla,Eden Gardens,Asad Rauf,PR Reiffel,
281,282,1.303,1.226,2011,6,5/7/2011,2,7,7,1,normal,0,2,32,0,AT Rayudu,Wankhede Stadium,K Hariharan,SJA Taufel,
282,283,0,0.995,2011,5,5/8/2011,12,5,12,2,normal,0,5,0,9,CH Gayle,M Chinnaswamy Stadium,Aleem Dar,SS Hazare,
283,284,1.092,0,2011,9,5/8/2011,8,13,8,2,normal,0,13,0,5,R Sharma,"Punjab Cricket Association Stadium, Mohali",SK Tarapore,RJ Tucker,
284,285,1.407,1.56,2011,11,5/9/2011,9,10,10,1,normal,0,9,63,0,M Vijay,Sawai Mansingh Stadium,K Hariharan,SJA Taufel,
285,286,0,0,2011,1,5/10/2011,11,13,11,2,normal,0,13,0,6,MR Marsh,"Rajiv Gandhi International Stadium, Uppal",Asad Rauf,AM Saheba,
286,287,1.092,1.303,2011,9,5/10/2011,8,2,2,1,normal,0,8,76,0,BA Bhatt,"Punjab Cricket Association Stadium, Mohali",SK Tarapore,RJ Tucker,
287,288,1.56,0.995,2011,11,5/11/2011,10,5,5,1,normal,0,5,0,9,S Aravind,Sawai Mansingh Stadium,HDPK Dharmasena,K Hariharan,
288,289,1.407,1.226,2011,12,5/12/2011,9,7,9,2,normal,0,9,18,0,MS Dhoni,"MA Chidambaram Stadium, Chepauk",AM Saheba,SL Shastri,
289,290,0,1.092,2011,4,5/13/2011,12,8,8,1,normal,0,8,0,6,KD Karthik,Holkar Cricket Stadium,S Asnani,RJ Tucker,
290,291,1.011,0.995,2011,5,5/14/2011,6,5,5,1,normal,1,5,0,4,CH Gayle,M Chinnaswamy Stadium,RE Koertzen,RB Tiffin,
291,292,0,1.303,2011,6,5/14/2011,11,2,11,2,normal,0,11,10,0,A Mishra,Wankhede Stadium,S Ravi,SK Tarapore,
292,293,1.092,1.226,2011,24,5/15/2011,8,7,7,1,normal,0,8,29,0,PP Chawla,Himachal Pradesh Cricket Association Stadium,Asad Rauf,SL Shastri,
293,294,1.56,0,2011,4,5/15/2011,10,12,12,1,normal,0,12,0,8,BJ Hodge,Holkar Cricket Stadium,PR Reiffel,RJ Tucker,
294,295,0,0,2011,6,5/16/2011,13,11,11,1,normal,0,11,0,6,A Mishra,Dr DY Patil Sports Academy,S Ravi,SK Tarapore,
295,296,1.092,0.995,2011,24,5/17/2011,8,5,8,2,normal,0,8,111,0,AC Gilchrist,Himachal Pradesh Cricket Association Stadium,Asad Rauf,AM Saheba,
296,297,1.407,0,2011,12,5/18/2011,9,12,9,2,normal,0,9,11,0,WP Saha,"MA Chidambaram Stadium, Chepauk",HDPK Dharmasena,RE Koertzen,
297,298,0,1.011,2011,6,5/19/2011,13,6,6,1,normal,0,6,0,7,YK Pathan,Dr DY Patil Sports Academy,S Ravi,SJA Taufel,
298,299,1.303,1.56,2011,6,5/20/2011,2,10,2,2,normal,0,10,0,10,SR Watson,Wankhede Stadium,RE Koertzen,PR Reiffel,
299,300,0,1.092,2011,24,5/21/2011,11,8,8,1,normal,0,11,82,0,S Dhawan,Himachal Pradesh Cricket Association Stadium,Asad Rauf,AM Saheba,
300,301,1.226,0,2011,8,5/21/2011,7,13,7,2,no result,0,no result,0,0,,Feroz Shah Kotla,SS Hazare,RJ Tucker,
301,302,1.407,0.995,2011,5,5/22/2011,9,5,5,1,normal,0,5,0,8,CH Gayle,M Chinnaswamy Stadium,K Hariharan,RE Koertzen,
302,303,1.011,1.303,2011,7,5/22/2011,6,2,2,1,normal,0,2,0,5,JEC Franklin,Eden Gardens,SK Tarapore,SJA Taufel,
303,304,0.995,1.407,2011,6,5/24/2011,5,9,9,1,normal,0,9,0,6,SK Raina,Wankhede Stadium,Asad Rauf,SJA Taufel,
304,305,1.011,1.303,2011,6,5/25/2011,6,2,2,1,normal,0,2,0,4,MM Patel,Wankhede Stadium,Asad Rauf,SJA Taufel,
305,306,0.995,1.303,2011,12,5/27/2011,5,2,2,1,normal,0,5,43,0,CH Gayle,"MA Chidambaram Stadium, Chepauk",Asad Rauf,SJA Taufel,
306,307,1.407,0.995,2011,12,5/28/2011,9,5,9,2,normal,0,9,58,0,M Vijay,"MA Chidambaram Stadium, Chepauk",Asad Rauf,SJA Taufel,
307,308,1.407,1.303,2012,12,4/4/2012,9,2,2,1,normal,0,2,0,8,RE Levi,"MA Chidambaram Stadium, Chepauk",JD Cloete,SJA Taufel,
308,309,1.011,1.226,2012,7,4/5/2012,6,7,7,1,normal,0,7,0,8,IK Pathan,Eden Gardens,S Asnani,HDPK Dharmasena,
309,310,0,1.303,2012,6,4/6/2012,13,2,2,1,normal,0,13,28,0,SPD Smith,Wankhede Stadium,AK Chaudhary,SJA Taufel,
310,311,1.56,1.092,2012,11,4/6/2012,10,8,8,1,normal,0,10,31,0,AM Rahane,Sawai Mansingh Stadium,BF Bowden,SK Tarapore,
311,312,0.995,1.226,2012,5,4/7/2012,5,7,7,1,normal,0,5,20,0,AB de Villiers,M Chinnaswamy Stadium,S Asnani,S Ravi,
312,313,1.407,0,2012,26,4/7/2012,9,11,11,1,normal,0,9,74,0,RA Jadeja,Dr. Y.S. Rajasekhara Reddy ACA-VDCA Cricket Stadium,JD Cloete,HDPK Dharmasena,
313,314,1.56,1.011,2012,11,4/8/2012,10,6,6,1,normal,0,10,22,0,BJ Hodge,Sawai Mansingh Stadium,BF Bowden,VA Kulkarni,
314,315,0,1.092,2012,2,4/8/2012,13,8,13,2,normal,0,13,22,0,MN Samuels,Subrata Roy Sahara Stadium,S Das,SJA Taufel,
315,316,0,1.303,2012,26,4/9/2012,11,2,11,2,normal,0,2,0,5,RG Sharma,Dr. Y.S. Rajasekhara Reddy ACA-VDCA Cricket Stadium,AK Chaudhary,JD Cloete,
316,317,1.011,0.995,2012,5,4/10/2012,6,5,5,1,normal,0,6,42,0,L Balaji,M Chinnaswamy Stadium,S Ravi,RJ Tucker,
317,318,1.407,1.226,2012,8,4/10/2012,9,7,7,1,normal,0,7,0,8,M Morkel,Feroz Shah Kotla,Asad Rauf,SK Tarapore,
318,319,1.303,1.56,2012,6,4/11/2012,2,10,10,1,normal,0,2,27,0,KA Pollard,Wankhede Stadium,Aleem Dar,BNJ Oxenford,
319,320,0.995,1.407,2012,12,4/12/2012,5,9,5,2,normal,0,9,0,5,F du Plessis,"MA Chidambaram Stadium, Chepauk",HDPK Dharmasena,RJ Tucker,
320,321,0,1.092,2012,9,4/12/2012,13,8,8,1,normal,0,8,0,7,AD Mascarenhas,"Punjab Cricket Association Stadium, Mohali",VA Kulkarni,SK Tarapore,
321,322,1.56,1.011,2012,7,4/13/2012,10,6,10,2,normal,0,6,0,5,Shakib Al Hasan,Eden Gardens,Asad Rauf,S Asnani,
322,323,0,1.226,2012,8,4/19/2012,11,7,11,2,normal,0,7,0,5,KP Pietersen,Feroz Shah Kotla,BF Bowden,SK Tarapore,
323,324,1.407,0,2012,2,4/14/2012,9,13,9,2,normal,0,13,0,7,JD Ryder,Subrata Roy Sahara Stadium,Aleem Dar,BNJ Oxenford,
324,325,1.092,1.011,2012,7,4/15/2012,8,6,6,1,normal,0,8,2,0,SP Narine,Eden Gardens,Asad Rauf,S Asnani,
325,326,1.56,0.995,2012,5,4/15/2012,10,5,10,2,normal,0,10,59,0,AM Rahane,M Chinnaswamy Stadium,JD Cloete,RJ Tucker,
326,327,1.303,1.226,2012,6,4/16/2012,2,7,7,1,normal,0,7,0,7,S Nadeem,Wankhede Stadium,BF Bowden,SK Tarapore,
327,328,0,1.56,2012,11,4/17/2012,11,10,11,2,normal,0,10,0,5,BJ Hodge,Sawai Mansingh Stadium,Aleem Dar,BNJ Oxenford,
328,329,0,0.995,2012,5,4/17/2012,13,5,13,2,normal,0,5,0,6,CH Gayle,M Chinnaswamy Stadium,S Asnani,S Das,
329,330,1.092,1.011,2012,9,4/18/2012,8,6,8,2,normal,0,6,0,8,G Gambhir,"Punjab Cricket Association Stadium, Mohali",JD Cloete,RJ Tucker,
330,331,0,1.226,2012,1,5/10/2012,11,7,11,2,normal,0,7,0,9,DA Warner,"Rajiv Gandhi International Stadium, Uppal",JD Cloete,SJA Taufel,
331,332,1.407,0,2012,12,4/19/2012,9,13,13,1,normal,0,9,13,0,KMDN Kulasekara,"MA Chidambaram Stadium, Chepauk",Asad Rauf,S Das,
332,333,1.092,0.995,2012,9,4/20/2012,8,5,5,1,normal,0,5,0,5,CH Gayle,"Punjab Cricket Association Stadium, Mohali",S Ravi,RJ Tucker,
333,334,1.56,1.407,2012,12,4/21/2012,10,9,10,2,normal,0,9,0,7,F du Plessis,"MA Chidambaram Stadium, Chepauk",Aleem Dar,BNJ Oxenford,
334,335,0,1.226,2012,8,4/21/2012,13,7,7,1,normal,0,13,20,0,SC Ganguly,Feroz Shah Kotla,Asad Rauf,S Das,
335,336,1.303,1.092,2012,6,4/22/2012,2,8,2,2,normal,0,8,0,6,SE Marsh,Wankhede Stadium,S Ravi,RJ Tucker,
336,337,0,1.011,2012,22,4/22/2012,11,6,6,1,normal,0,6,0,5,B Lee,Barabati Stadium,BF Bowden,SK Tarapore,
337,338,0.995,1.56,2012,11,4/23/2012,5,10,10,1,normal,0,5,46,0,AB de Villiers,Sawai Mansingh Stadium,Asad Rauf,S Asnani,
338,339,0,1.226,2012,2,4/24/2012,13,7,13,2,normal,0,7,0,8,V Sehwag,Subrata Roy Sahara Stadium,S Ravi,RJ Tucker,
339,340,1.092,1.303,2012,9,4/25/2012,8,2,8,2,normal,0,2,0,4,AT Rayudu,"Punjab Cricket Association Stadium, Mohali",Aleem Dar,BNJ Oxenford,
340,341,0,0,2012,2,4/26/2012,11,13,11,2,normal,0,11,18,0,CL White,Subrata Roy Sahara Stadium,S Ravi,RJ Tucker,
341,342,1.226,1.303,2012,8,4/27/2012,7,2,2,1,normal,0,7,37,0,V Sehwag,Feroz Shah Kotla,Aleem Dar,BNJ Oxenford,
342,343,1.092,1.407,2012,12,4/28/2012,8,9,8,2,normal,0,8,7,0,Mandeep Singh,"MA Chidambaram Stadium, Chepauk",BF Bowden,SK Tarapore,
343,344,1.011,0.995,2012,7,4/28/2012,6,5,6,2,normal,0,6,47,0,G Gambhir,Eden Gardens,Asad Rauf,BR Doctrove,
344,345,1.226,1.56,2012,8,4/29/2012,7,10,7,2,normal,0,7,1,0,V Sehwag,Feroz Shah Kotla,S Ravi,RJ Tucker,
345,346,0,1.303,2012,6,4/29/2012,11,2,2,1,normal,0,2,0,5,DW Steyn,Wankhede Stadium,AK Chaudhary,BNJ Oxenford,
346,347,1.407,1.011,2012,12,4/30/2012,9,6,9,2,normal,0,6,0,5,G Gambhir,"MA Chidambaram Stadium, Chepauk",BF Bowden,C Shamshuddin,
347,348,0,0,2012,22,5/1/2012,11,13,11,2,normal,0,11,13,0,KC Sangakkara,Barabati Stadium,Aleem Dar,AK Chaudhary,
348,349,1.56,1.226,2012,11,5/1/2012,10,7,10,2,normal,0,7,0,6,P Negi,Sawai Mansingh Stadium,JD Cloete,SJA Taufel,
349,350,0.995,1.092,2012,5,5/2/2012,5,8,8,1,normal,0,8,0,4,Azhar Mahmood,M Chinnaswamy Stadium,BF Bowden,C Shamshuddin,
350,351,1.303,0,2012,2,5/3/2012,2,13,2,2,normal,0,2,1,0,SL Malinga,Subrata Roy Sahara Stadium,Asad Rauf,S Asnani,
351,352,1.407,0,2012,12,5/4/2012,9,11,9,2,normal,0,9,10,0,SK Raina,"MA Chidambaram Stadium, Chepauk",HDPK Dharmasena,BNJ Oxenford,
352,353,1.011,0,2012,7,5/5/2012,6,13,6,2,normal,0,6,7,0,SP Narine,Eden Gardens,BF Bowden,SK Tarapore,
353,354,1.56,1.092,2012,9,5/5/2012,10,8,10,2,normal,0,10,43,0,SR Watson,"Punjab Cricket Association Stadium, Mohali",JD Cloete,SJA Taufel,
354,355,1.407,1.303,2012,6,5/6/2012,9,2,2,1,normal,0,2,0,2,DR Smith,Wankhede Stadium,Asad Rauf,S Asnani,
355,356,0,0.995,2012,5,5/6/2012,11,5,5,1,normal,0,5,0,5,AB de Villiers,M Chinnaswamy Stadium,HDPK Dharmasena,BNJ Oxenford,
356,357,1.226,1.011,2012,8,5/7/2012,7,6,7,2,normal,0,6,0,6,JH Kallis,Feroz Shah Kotla,JD Cloete,S Ravi,
357,358,0,1.56,2012,2,5/8/2012,13,10,13,2,normal,0,10,0,7,SR Watson,Subrata Roy Sahara Stadium,Asad Rauf,BR Doctrove,
358,359,1.092,0,2012,1,5/8/2012,8,11,11,1,normal,0,8,25,0,Mandeep Singh,"Rajiv Gandhi International Stadium, Uppal",HDPK Dharmasena,BNJ Oxenford,
359,360,1.303,0.995,2012,6,5/9/2012,2,5,5,1,normal,0,5,0,9,CH Gayle,Wankhede Stadium,BF Bowden,VA Kulkarni,
360,361,1.56,1.407,2012,11,5/10/2012,10,9,9,1,normal,0,9,0,4,BW Hilfenhaus,Sawai Mansingh Stadium,BNJ Oxenford,C Shamshuddin,
361,362,0.995,0,2012,2,5/11/2012,5,13,13,1,normal,0,5,35,0,CH Gayle,Subrata Roy Sahara Stadium,BF Bowden,SK Tarapore,
362,363,1.303,1.011,2012,7,5/12/2012,2,6,2,2,normal,0,2,27,0,RG Sharma,Eden Gardens,S Ravi,SJA Taufel,
363,364,1.226,1.407,2012,12,5/12/2012,7,9,9,1,normal,0,9,0,9,BW Hilfenhaus,"MA Chidambaram Stadium, Chepauk",S Das,BR Doctrove,
364,365,1.56,0,2012,11,5/13/2012,10,13,10,2,normal,0,10,45,0,A Chandila,Sawai Mansingh Stadium,BF Bowden,SK Tarapore,
365,366,0,1.092,2012,9,5/13/2012,11,8,11,2,normal,0,8,0,4,DJ Hussey,"Punjab Cricket Association Stadium, Mohali",HDPK Dharmasena,BNJ Oxenford,
366,367,0.995,1.303,2012,5,5/14/2012,5,2,2,1,normal,0,2,0,5,AT Rayudu,M Chinnaswamy Stadium,S Das,BR Doctrove,
367,368,1.011,1.407,2012,7,5/14/2012,6,9,9,1,normal,0,9,0,5,MEK Hussey,Eden Gardens,JD Cloete,SJA Taufel,
368,369,1.092,1.226,2012,8,5/15/2012,8,7,8,2,normal,0,7,0,5,UT Yadav,Feroz Shah Kotla,HDPK Dharmasena,BNJ Oxenford,
369,370,1.011,1.303,2012,6,5/16/2012,6,2,2,1,normal,0,6,32,0,SP Narine,Wankhede Stadium,S Das,BR Doctrove,
370,371,1.407,1.092,2012,24,5/17/2012,9,8,8,1,normal,0,8,0,6,AC Gilchrist,Himachal Pradesh Cricket Association Stadium,VA Kulkarni,SK Tarapore,
371,372,0.995,1.226,2012,8,5/17/2012,5,7,7,1,normal,0,5,21,0,CH Gayle,Feroz Shah Kotla,HDPK Dharmasena,C Shamshuddin,
372,373,1.56,0,2012,1,5/18/2012,10,11,10,2,normal,0,11,0,5,DW Steyn,"Rajiv Gandhi International Stadium, Uppal",S Ravi,SJA Taufel,
373,374,1.092,1.226,2012,24,5/19/2012,8,7,7,1,normal,0,7,0,6,UT Yadav,Himachal Pradesh Cricket Association Stadium,BF Bowden,VA Kulkarni,
374,375,1.011,0,2012,2,5/19/2012,6,13,6,2,normal,0,6,34,0,Shakib Al Hasan,Subrata Roy Sahara Stadium,S Asnani,BR Doctrove,
375,376,0,0.995,2012,1,5/20/2012,11,5,5,1,normal,0,11,9,0,DW Steyn,"Rajiv Gandhi International Stadium, Uppal",S Ravi,SJA Taufel,
376,377,1.56,1.303,2012,11,5/20/2012,10,2,10,2,normal,0,2,0,10,DR Smith,Sawai Mansingh Stadium,HDPK Dharmasena,C Shamshuddin,
377,378,1.011,1.226,2012,2,5/22/2012,6,7,6,2,normal,0,6,18,0,YK Pathan,Subrata Roy Sahara Stadium,BR Doctrove,SJA Taufel,
378,379,1.407,1.303,2012,5,5/23/2012,9,2,2,1,normal,0,9,38,0,MS Dhoni,M Chinnaswamy Stadium,BF Bowden,HDPK Dharmasena,
379,380,1.407,1.226,2012,12,5/25/2012,9,7,7,1,normal,0,9,86,0,M Vijay,"MA Chidambaram Stadium, Chepauk",BR Doctrove,SJA Taufel,
380,381,1.407,1.011,2012,12,5/27/2012,9,6,9,2,normal,0,6,0,5,MS Bisla,"MA Chidambaram Stadium, Chepauk",BF Bowden,SJA Taufel,
381,382,1.226,1.011,2013,7,4/3/2013,7,6,6,1,normal,0,6,0,6,SP Narine,Eden Gardens,S Ravi,SJA Taufel,
382,383,0.995,1.303,2013,5,4/4/2013,5,2,2,1,normal,0,5,2,0,CH Gayle,M Chinnaswamy Stadium,VA Kulkarni,C Shamshuddin,
383,384,0.33,0,2013,1,4/5/2013,1,13,13,1,normal,0,1,22,0,A Mishra,"Rajiv Gandhi International Stadium, Uppal",S Ravi,SJA Taufel,
384,385,1.56,1.226,2013,8,4/6/2013,10,7,10,2,normal,0,10,5,0,R Dravid,Feroz Shah Kotla,S Das,C Shamshuddin,
385,386,1.303,1.407,2013,12,4/6/2013,2,9,2,2,normal,0,2,9,0,KA Pollard,"MA Chidambaram Stadium, Chepauk",M Erasmus,VA Kulkarni,
386,387,0,1.092,2013,2,4/7/2013,13,8,13,2,normal,0,8,0,8,M Vohra,Subrata Roy Sahara Stadium,S Asnani,SJA Taufel,
387,388,0.995,0.33,2013,1,4/7/2013,5,1,5,2,tie,0,1,0,0,GH Vihari,"Rajiv Gandhi International Stadium, Uppal",AK Chaudhary,S Ravi,
388,389,1.56,1.011,2013,11,4/8/2013,10,6,6,1,normal,0,10,19,0,SK Trivedi,Sawai Mansingh Stadium,Aleem Dar,S Das,
389,390,1.303,1.226,2013,6,4/9/2013,2,7,2,2,normal,0,2,44,0,KD Karthik,Wankhede Stadium,M Erasmus,VA Kulkarni,
390,391,1.092,1.407,2013,9,4/10/2013,8,9,9,1,normal,0,9,0,10,MEK Hussey,"Punjab Cricket Association Stadium, Mohali",Aleem Dar,C Shamshuddin,
391,392,1.011,0.995,2013,5,4/11/2013,6,5,5,1,normal,0,5,0,8,CH Gayle,M Chinnaswamy Stadium,Asad Rauf,AK Chaudhary,
392,393,1.56,0,2013,2,4/11/2013,10,13,10,2,normal,0,13,0,7,AJ Finch,Subrata Roy Sahara Stadium,M Erasmus,K Srinath,
393,394,1.226,0.33,2013,8,4/12/2013,7,1,7,2,normal,0,1,0,3,A Mishra,Feroz Shah Kotla,Aleem Dar,Subroto Das,
394,395,1.303,0,2013,6,4/13/2013,2,13,2,2,normal,0,2,41,0,RG Sharma,Wankhede Stadium,S Ravi,SJA Taufel,
395,396,0.995,1.407,2013,12,4/13/2013,5,9,9,1,normal,0,9,0,4,RA Jadeja,"MA Chidambaram Stadium, Chepauk",Asad Rauf,AK Chaudhary,
396,397,1.011,0.33,2013,7,4/14/2013,6,1,6,2,normal,0,6,48,0,G Gambhir,Eden Gardens,M Erasmus,VA Kulkarni,
397,398,1.092,1.56,2013,11,4/14/2013,8,10,10,1,normal,0,10,0,6,JP Faulkner,Sawai Mansingh Stadium,Aleem Dar,C Shamshuddin,
398,399,0,1.407,2013,12,4/15/2013,13,9,13,2,normal,0,13,24,0,SPD Smith,"MA Chidambaram Stadium, Chepauk",Asad Rauf,AK Chaudhary,
399,400,1.092,1.011,2013,9,4/16/2013,8,6,6,1,normal,0,8,4,0,MS Gony,"Punjab Cricket Association Stadium, Mohali",CK Nandan,SJA Taufel,
400,401,1.226,0.995,2013,5,4/16/2013,7,5,5,1,tie,0,5,0,0,V Kohli,M Chinnaswamy Stadium,M Erasmus,VA Kulkarni,
401,402,0.33,0,2013,2,4/17/2013,1,13,13,1,normal,0,1,11,0,A Mishra,Subrata Roy Sahara Stadium,Asad Rauf,AK Chaudhary,
402,403,1.56,1.303,2013,11,4/17/2013,10,2,10,2,normal,0,10,87,0,AM Rahane,Sawai Mansingh Stadium,Aleem Dar,C Shamshuddin,
403,404,1.407,1.226,2013,8,4/18/2013,9,7,9,2,normal,0,9,86,0,MEK Hussey,Feroz Shah Kotla,M Erasmus,VA Kulkarni,
404,405,1.092,0.33,2013,1,4/19/2013,8,1,8,2,normal,0,1,0,5,GH Vihari,"Rajiv Gandhi International Stadium, Uppal",HDPK Dharmasena,CK Nandan,
405,406,1.011,1.407,2013,7,4/20/2013,6,9,6,2,normal,0,9,0,4,RA Jadeja,Eden Gardens,Asad Rauf,AK Chaudhary,
406,407,1.56,0.995,2013,5,4/20/2013,10,5,5,1,normal,0,5,0,7,R Vinay Kumar,M Chinnaswamy Stadium,Aleem Dar,C Shamshuddin,
407,408,1.303,1.226,2013,8,4/21/2013,2,7,2,2,normal,0,7,0,9,V Sehwag,Feroz Shah Kotla,HDPK Dharmasena,S Ravi,
408,409,0,1.092,2013,9,4/21/2013,13,8,8,1,normal,0,8,0,7,DA Miller,"Punjab Cricket Association Stadium, Mohali",M Erasmus,K Srinath,
409,410,1.56,1.407,2013,12,4/22/2013,10,9,10,2,normal,0,9,0,5,MEK Hussey,"MA Chidambaram Stadium, Chepauk",S Asnani,AK Chaudhary,
410,411,0.995,0,2013,5,4/23/2013,5,13,13,1,normal,0,5,130,0,CH Gayle,M Chinnaswamy Stadium,Aleem Dar,C Shamshuddin,
411,412,1.092,1.226,2013,24,5/16/2013,8,7,7,1,normal,0,8,7,0,DA Miller,Himachal Pradesh Cricket Association Stadium,HDPK Dharmasena,S Ravi,
412,413,1.011,1.303,2013,7,4/24/2013,6,2,6,2,normal,0,2,0,5,DR Smith,Eden Gardens,HDPK Dharmasena,S Ravi,
413,414,0.33,1.407,2013,12,4/25/2013,1,9,1,2,normal,0,9,0,5,MS Dhoni,"MA Chidambaram Stadium, Chepauk",Aleem Dar,S Das,
414,415,1.092,1.011,2013,7,4/26/2013,8,6,8,2,normal,0,6,0,6,JH Kallis,Eden Gardens,CK Nandan,S Ravi,
415,416,0.33,1.56,2013,11,4/27/2013,1,10,1,2,normal,0,10,0,8,JP Faulkner,Sawai Mansingh Stadium,VA Kulkarni,K Srinath,
416,417,1.303,0.995,2013,6,4/27/2013,2,5,2,2,normal,0,2,58,0,DR Smith,Wankhede Stadium,Asad Rauf,S Asnani,
417,418,1.407,1.011,2013,12,4/28/2013,9,6,6,1,normal,0,9,14,0,MEK Hussey,"MA Chidambaram Stadium, Chepauk",Aleem Dar,SJA Taufel,
418,419,1.226,0,2013,27,4/28/2013,7,13,13,1,normal,0,7,15,0,DA Warner,Shaheed Veer Narayan Singh International Stadium,CK Nandan,S Ravi,
419,420,0.995,1.56,2013,11,4/29/2013,5,10,10,1,normal,0,10,0,4,SV Samson,Sawai Mansingh Stadium,M Erasmus,K Srinath,
420,421,1.303,1.092,2013,6,4/29/2013,2,8,2,2,normal,0,2,4,0,RG Sharma,Wankhede Stadium,Asad Rauf,AK Chaudhary,
421,422,1.407,0,2013,2,4/30/2013,9,13,9,2,normal,0,9,37,0,MS Dhoni,Subrata Roy Sahara Stadium,S Das,SJA Taufel,
422,423,1.303,0.33,2013,1,5/1/2013,2,1,2,2,normal,0,1,0,7,I Sharma,"Rajiv Gandhi International Stadium, Uppal",Asad Rauf,S Asnani,
423,424,1.011,1.226,2013,27,5/1/2013,6,7,6,2,normal,0,7,0,7,DA Warner,Shaheed Veer Narayan Singh International Stadium,HDPK Dharmasena,CK Nandan,
424,425,1.407,1.092,2013,12,5/2/2013,9,8,9,2,normal,0,9,15,0,SK Raina,"MA Chidambaram Stadium, Chepauk",M Erasmus,VA Kulkarni,
425,426,0.995,0,2013,2,5/2/2013,5,13,5,2,normal,0,5,17,0,AB de Villiers,Subrata Roy Sahara Stadium,Aleem Dar,C Shamshuddin,
426,427,1.56,1.011,2013,7,5/3/2013,10,6,10,2,normal,0,6,0,8,YK Pathan,Eden Gardens,HDPK Dharmasena,CK Nandan,
427,428,1.226,0.33,2013,1,5/4/2013,7,1,7,2,normal,0,1,0,6,DJG Sammy,"Rajiv Gandhi International Stadium, Uppal",Asad Rauf,S Asnani,
428,429,0.995,1.092,2013,5,5/14/2013,5,8,8,1,normal,0,8,0,7,AC Gilchrist,M Chinnaswamy Stadium,HDPK Dharmasena,S Ravi,
429,430,1.303,1.407,2013,6,5/5/2013,2,9,2,2,normal,0,2,60,0,MG Johnson,Wankhede Stadium,HDPK Dharmasena,CK Nandan,
430,431,0,1.56,2013,11,5/5/2013,13,10,13,2,normal,0,10,0,5,AM Rahane,Sawai Mansingh Stadium,C Shamshuddin,RJ Tucker,
431,432,0.33,0.995,2013,5,4/9/2013,1,5,1,2,normal,0,5,0,7,V Kohli,M Chinnaswamy Stadium,S Ravi,SJA Taufel,
432,433,1.226,1.56,2013,11,5/7/2013,7,10,7,2,normal,0,10,0,9,AM Rahane,Sawai Mansingh Stadium,Aleem Dar,RJ Tucker,
433,434,1.303,1.011,2013,6,5/7/2013,2,6,2,2,normal,0,2,65,0,SR Tendulkar,Wankhede Stadium,HDPK Dharmasena,S Ravi,
434,435,1.407,0.33,2013,1,5/8/2013,9,1,1,1,normal,0,9,77,0,SK Raina,"Rajiv Gandhi International Stadium, Uppal",S Das,NJ Llong,
435,436,1.092,1.56,2013,9,5/9/2013,8,10,10,1,normal,0,10,0,8,KK Cooper,"Punjab Cricket Association Stadium, Mohali",HDPK Dharmasena,S Ravi,
436,437,1.011,0,2013,2,5/9/2013,6,13,6,2,normal,0,6,46,0,G Gambhir,Subrata Roy Sahara Stadium,Asad Rauf,S Asnani,
437,438,0.995,1.226,2013,8,5/10/2013,5,7,7,1,normal,0,5,4,0,JD Unadkat,Feroz Shah Kotla,NJ Llong,K Srinath,
438,439,0,1.303,2013,2,5/11/2013,13,2,13,2,normal,0,2,0,5,MG Johnson,Subrata Roy Sahara Stadium,Asad Rauf,AK Chaudhary,
439,440,0.33,1.092,2013,9,5/11/2013,1,8,8,1,normal,0,1,30,0,PA Patel,"Punjab Cricket Association Stadium, Mohali",S Das,RJ Tucker,
440,441,0.995,1.011,2013,28,5/12/2013,5,6,6,1,normal,0,6,0,5,JH Kallis,JSCA International Stadium Complex,NJ Llong,K Srinath,
441,442,1.407,1.56,2013,11,5/12/2013,9,10,10,1,normal,0,10,0,5,SR Watson,Sawai Mansingh Stadium,HDPK Dharmasena,CK Nandan,
442,443,1.226,1.092,2013,8,4/23/2013,7,8,8,1,normal,0,8,0,5,Harmeet Singh,Feroz Shah Kotla,VA Kulkarni,K Srinath,
443,444,0.33,1.303,2013,6,5/13/2013,1,2,1,2,normal,0,2,0,7,KA Pollard,Wankhede Stadium,AK Chaudhary,SJA Taufel,
444,445,0,1.011,2013,28,5/15/2013,13,6,6,1,normal,0,13,7,0,MK Pandey,JSCA International Stadium Complex,NJ Llong,K Srinath,
445,446,1.407,1.226,2013,12,5/14/2013,9,7,9,2,normal,0,9,33,0,MS Dhoni,"MA Chidambaram Stadium, Chepauk",C Shamshuddin,RJ Tucker,
446,447,1.303,1.56,2013,6,5/15/2013,2,10,10,1,normal,0,2,14,0,AP Tare,Wankhede Stadium,Asad Rauf,S Asnani,
447,448,0.995,1.092,2013,9,5/6/2013,5,8,8,1,normal,0,8,0,6,DA Miller,"Punjab Cricket Association Stadium, Mohali",VA Kulkarni,NJ Llong,
448,449,0.33,1.56,2013,1,5/17/2013,1,10,1,2,normal,0,1,23,0,A Mishra,"Rajiv Gandhi International Stadium, Uppal",Asad Rauf,AK Chaudhary,
449,450,1.092,1.303,2013,24,5/18/2013,8,2,2,1,normal,0,8,50,0,Azhar Mahmood,Himachal Pradesh Cricket Association Stadium,HDPK Dharmasena,CK Nandan,
450,451,0,1.226,2013,2,5/19/2013,13,7,13,2,normal,0,13,38,0,LJ Wright,Subrata Roy Sahara Stadium,NJ Llong,SJA Taufel,
451,452,0.995,1.407,2013,5,5/18/2013,5,9,9,1,normal,0,5,24,0,V Kohli,M Chinnaswamy Stadium,C Shamshuddin,RJ Tucker,
452,453,1.011,0.33,2013,1,5/19/2013,6,1,6,2,normal,0,1,0,5,PA Patel,"Rajiv Gandhi International Stadium, Uppal",Asad Rauf,S Asnani,
453,454,1.407,1.303,2013,8,5/21/2013,9,2,9,2,normal,0,9,48,0,MEK Hussey,Feroz Shah Kotla,NJ Llong,RJ Tucker,
454,455,0.33,1.56,2013,8,5/22/2013,1,10,1,2,normal,0,10,0,4,BJ Hodge,Feroz Shah Kotla,S Ravi,RJ Tucker,
455,456,1.56,1.303,2013,7,5/24/2013,10,2,10,2,normal,0,2,0,4,Harbhajan Singh,Eden Gardens,C Shamshuddin,SJA Taufel,
456,457,1.303,1.407,2013,7,5/26/2013,2,9,2,2,normal,0,2,23,0,KA Pollard,Eden Gardens,HDPK Dharmasena,SJA Taufel,
457,458,1.011,1.303,2014,29,4/16/2014,6,2,6,2,normal,0,6,41,0,JH Kallis,Sheikh Zayed Stadium,M Erasmus,RK Illingworth,
458,459,1.226,0.995,2014,30,4/17/2014,7,5,5,1,normal,0,5,0,8,YS Chahal,Sharjah Cricket Stadium,Aleem Dar,S Ravi,
459,460,1.407,1.092,2014,29,4/18/2014,9,8,9,2,normal,0,8,0,6,GJ Maxwell,Sheikh Zayed Stadium,RK Illingworth,C Shamshuddin,
460,461,0.33,1.56,2014,29,4/18/2014,1,10,10,1,normal,0,10,0,4,AM Rahane,Sheikh Zayed Stadium,BF Bowden,RK Illingworth,
461,462,1.303,0.995,2014,31,4/19/2014,2,5,5,1,normal,0,5,0,7,PA Patel,Dubai International Cricket Stadium,Aleem Dar,AK Chaudhary,
462,463,1.011,1.226,2014,31,4/19/2014,6,7,6,2,normal,0,7,0,4,JP Duminy,Dubai International Cricket Stadium,Aleem Dar,VA Kulkarni,
463,464,1.56,1.092,2014,30,4/20/2014,10,8,8,1,normal,0,8,0,7,GJ Maxwell,Sharjah Cricket Stadium,BF Bowden,M Erasmus,
464,465,1.407,1.226,2014,29,4/21/2014,9,7,9,2,normal,0,9,93,0,SK Raina,Sheikh Zayed Stadium,RK Illingworth,C Shamshuddin,
465,466,1.092,0.33,2014,30,4/22/2014,8,1,1,1,normal,0,8,72,0,GJ Maxwell,Sharjah Cricket Stadium,M Erasmus,S Ravi,
466,467,1.407,1.56,2014,31,4/23/2014,9,10,10,1,normal,0,9,7,0,RA Jadeja,Dubai International Cricket Stadium,HDPK Dharmasena,RK Illingworth,
467,468,1.011,0.995,2014,30,4/24/2014,6,5,5,1,normal,0,6,2,0,CA Lynn,Sharjah Cricket Stadium,Aleem Dar,VA Kulkarni,
468,469,0.33,1.226,2014,31,4/25/2014,1,7,1,2,normal,0,1,4,0,AJ Finch,Dubai International Cricket Stadium,M Erasmus,S Ravi,
469,470,1.303,1.407,2014,31,4/25/2014,2,9,2,2,normal,0,9,0,7,MM Sharma,Dubai International Cricket Stadium,BF Bowden,M Erasmus,
470,471,0.995,1.56,2014,29,4/26/2014,5,10,10,1,normal,0,10,0,6,PV Tambe,Sheikh Zayed Stadium,HDPK Dharmasena,C Shamshuddin,
471,472,1.092,1.011,2014,29,4/26/2014,8,6,6,1,normal,0,8,23,0,Sandeep Sharma,Sheikh Zayed Stadium,HDPK Dharmasena,RK Illingworth,
472,473,1.303,1.226,2014,30,4/27/2014,2,7,2,2,normal,0,7,0,6,M Vijay,Sharjah Cricket Stadium,Aleem Dar,VA Kulkarni,
473,474,0.33,1.407,2014,30,4/27/2014,1,9,1,2,normal,0,9,0,5,DR Smith,Sharjah Cricket Stadium,AK Chaudhary,VA Kulkarni,
474,475,0.995,1.092,2014,31,4/28/2014,5,8,8,1,normal,0,8,0,5,Sandeep Sharma,Dubai International Cricket Stadium,BF Bowden,S Ravi,
475,476,1.56,1.011,2014,29,4/29/2014,10,6,10,2,tie,0,10,0,0,JP Faulkner,Sheikh Zayed Stadium,Aleem Dar,AK Chaudhary,
476,477,0.33,1.303,2014,31,4/30/2014,1,2,2,1,normal,0,1,15,0,B Kumar,Dubai International Cricket Stadium,HDPK Dharmasena,M Erasmus,
477,478,1.407,1.011,2014,28,5/2/2014,9,6,9,2,normal,0,9,34,0,RA Jadeja,JSCA International Stadium Complex,AK Chaudhary,NJ Llong,
478,479,1.092,1.303,2014,6,5/3/2014,8,2,8,2,normal,0,2,0,5,CJ Anderson,Wankhede Stadium,BNJ Oxenford,C Shamshuddin,
479,480,1.226,1.56,2014,8,5/3/2014,7,10,10,1,normal,0,10,0,7,KK Nair,Feroz Shah Kotla,SS Hazare,S Ravi,
480,481,0.33,0.995,2014,5,5/4/2014,1,5,5,1,normal,0,5,0,4,AB de Villiers,M Chinnaswamy Stadium,HDPK Dharmasena,VA Kulkarni,
481,482,1.56,1.011,2014,21,5/5/2014,10,6,6,1,normal,0,10,10,0,PV Tambe,"Sardar Patel Stadium, Motera",NJ Llong,CK Nandan,
482,483,1.226,1.407,2014,8,5/5/2014,7,9,9,1,normal,0,9,0,8,DR Smith,Feroz Shah Kotla,RM Deshpande,BNJ Oxenford,
483,484,1.303,0.995,2014,6,5/6/2014,2,5,5,1,normal,0,2,19,0,RG Sharma,Wankhede Stadium,S Ravi,K Srinath,
484,485,1.226,1.011,2014,8,5/7/2014,7,6,7,2,normal,0,6,0,8,G Gambhir,Feroz Shah Kotla,BNJ Oxenford,C Shamshuddin,
485,486,1.092,1.407,2014,22,5/7/2014,8,9,9,1,normal,0,8,44,0,GJ Maxwell,Barabati Stadium,HDPK Dharmasena,PG Pathak,
486,487,0.33,1.56,2014,21,5/8/2014,1,10,10,1,normal,0,1,32,0,B Kumar,"Sardar Patel Stadium, Motera",AK Chaudhary,NJ Llong,
487,488,1.092,0.995,2014,5,5/9/2014,8,5,5,1,normal,0,8,32,0,Sandeep Sharma,M Chinnaswamy Stadium,S Ravi,K Srinath,
488,489,1.226,0.33,2014,8,5/10/2014,7,1,1,1,normal,1,1,0,8,DW Steyn,Feroz Shah Kotla,RM Deshpande,BNJ Oxenford,
489,490,1.303,1.407,2014,6,5/10/2014,2,9,9,1,normal,0,9,0,4,DR Smith,Wankhede Stadium,HDPK Dharmasena,VA Kulkarni,
490,491,1.092,1.011,2014,22,5/11/2014,8,6,6,1,normal,0,6,0,9,G Gambhir,Barabati Stadium,NJ Llong,CK Nandan,
491,492,0.995,1.56,2014,5,5/11/2014,5,10,5,2,normal,0,10,0,5,JP Faulkner,M Chinnaswamy Stadium,S Ravi,RJ Tucker,
492,493,0.33,1.303,2014,1,5/12/2014,1,2,1,2,normal,0,2,0,7,AT Rayudu,"Rajiv Gandhi International Stadium, Uppal",HDPK Dharmasena,VA Kulkarni,
493,494,1.56,1.407,2014,28,5/13/2014,10,9,10,2,normal,0,9,0,5,RA Jadeja,JSCA International Stadium Complex,BNJ Oxenford,C Shamshuddin,
494,495,0.995,1.226,2014,5,5/13/2014,5,7,7,1,normal,0,5,16,0,Yuvraj Singh,M Chinnaswamy Stadium,K Srinath,RJ Tucker,
495,496,0.33,1.092,2014,1,5/14/2014,1,8,8,1,normal,0,8,0,6,WP Saha,"Rajiv Gandhi International Stadium, Uppal",VA Kulkarni,PG Pathak,
496,497,1.303,1.011,2014,22,5/14/2014,2,6,6,1,normal,0,6,0,6,RV Uthappa,Barabati Stadium,AK Chaudhary,NJ Llong,
497,498,1.56,1.226,2014,21,5/15/2014,10,7,7,1,normal,0,10,62,0,AM Rahane,"Sardar Patel Stadium, Motera",S Ravi,RJ Tucker,
498,499,1.407,0.995,2014,28,5/18/2014,9,5,9,2,normal,0,5,0,5,AB de Villiers,JSCA International Stadium Complex,BNJ Oxenford,C Shamshuddin,
499,500,0.33,1.011,2014,1,5/18/2014,1,6,1,2,normal,0,6,0,7,UT Yadav,"Rajiv Gandhi International Stadium, Uppal",NJ Llong,CK Nandan,
500,501,1.303,1.56,2014,21,5/19/2014,2,10,2,2,normal,0,2,25,0,MEK Hussey,"Sardar Patel Stadium, Motera",S Ravi,RJ Tucker,
501,502,1.226,1.092,2014,8,5/19/2014,7,8,8,1,normal,0,8,0,4,AR Patel,Feroz Shah Kotla,HDPK Dharmasena,PG Pathak,
502,503,0.995,0.33,2014,1,5/20/2014,5,1,5,2,normal,0,1,0,7,DA Warner,"Rajiv Gandhi International Stadium, Uppal",AK Chaudhary,NJ Llong,
503,504,1.407,1.011,2014,7,5/20/2014,9,6,6,1,normal,0,6,0,8,RV Uthappa,Eden Gardens,RM Deshpande,C Shamshuddin,
504,505,1.092,1.303,2014,9,5/21/2014,8,2,2,1,normal,0,2,0,7,LMP Simmons,"Punjab Cricket Association Stadium, Mohali",HDPK Dharmasena,VA Kulkarni,
505,506,1.011,0.995,2014,7,5/22/2014,6,5,5,1,normal,0,6,30,0,RV Uthappa,Eden Gardens,AK Chaudhary,CK Nandan,
506,507,1.407,0.33,2014,28,5/22/2014,9,1,1,1,normal,0,1,0,6,DA Warner,JSCA International Stadium Complex,BNJ Oxenford,C Shamshuddin,
507,508,1.303,1.226,2014,6,5/23/2014,2,7,7,1,normal,0,2,15,0,MEK Hussey,Wankhede Stadium,S Ravi,RJ Tucker,
508,509,1.092,1.56,2014,9,5/23/2014,8,10,10,1,normal,0,8,16,0,SE Marsh,"Punjab Cricket Association Stadium, Mohali",HDPK Dharmasena,PG Pathak,
509,510,0.995,1.407,2014,5,5/24/2014,5,9,9,1,normal,0,9,0,8,MS Dhoni,M Chinnaswamy Stadium,AK Chaudhary,NJ Llong,
510,511,0.33,1.011,2014,7,5/24/2014,1,6,6,1,normal,0,6,0,4,YK Pathan,Eden Gardens,RM Deshpande,BNJ Oxenford,
511,512,1.226,1.092,2014,9,5/25/2014,7,8,8,1,normal,0,8,0,7,M Vohra,"Punjab Cricket Association Stadium, Mohali",HDPK Dharmasena,VA Kulkarni,
512,513,1.56,1.303,2014,6,5/25/2014,10,2,2,1,normal,0,2,0,5,CJ Anderson,Wankhede Stadium,K Srinath,RJ Tucker,
513,514,1.011,1.092,2014,7,5/27/2014,6,8,8,1,normal,0,6,28,0,UT Yadav,Eden Gardens,NJ Llong,S Ravi,
514,515,1.303,1.407,2014,6,5/28/2014,2,9,9,1,normal,0,9,0,7,SK Raina,Brabourne Stadium,VA Kulkarni,BNJ Oxenford,
515,516,1.092,1.407,2014,6,5/30/2014,8,9,9,1,normal,0,8,24,0,V Sehwag,Wankhede Stadium,HDPK Dharmasena,RJ Tucker,
516,517,1.092,1.011,2014,5,6/1/2014,8,6,6,1,normal,0,6,0,3,MK Pandey,M Chinnaswamy Stadium,HDPK Dharmasena,BNJ Oxenford,
517,518,1.303,1.011,2015,7,4/8/2015,2,6,6,1,normal,0,6,0,7,M Morkel,Eden Gardens,S Ravi,C Shamshuddin,
518,519,1.407,1.226,2015,12,4/9/2015,9,7,7,1,normal,0,9,1,0,A Nehra,"MA Chidambaram Stadium, Chepauk",RK Illingworth,VA Kulkarni,
519,520,1.56,1.092,2015,2,4/10/2015,10,8,8,1,normal,0,10,26,0,JP Faulkner,Maharashtra Cricket Association Stadium,SD Fry,CB Gaffaney,
520,521,1.407,0.33,2015,12,4/11/2015,9,1,9,2,normal,0,9,45,0,BB McCullum,"MA Chidambaram Stadium, Chepauk",RK Illingworth,VA Kulkarni,
521,522,1.011,0.995,2015,7,4/11/2015,6,5,5,1,normal,0,5,0,3,CH Gayle,Eden Gardens,S Ravi,C Shamshuddin,
522,523,1.226,1.56,2015,8,4/12/2015,7,10,10,1,normal,0,10,0,3,DJ Hooda,Feroz Shah Kotla,SD Fry,CB Gaffaney,
523,524,1.092,1.303,2015,6,4/12/2015,8,2,2,1,normal,0,8,18,0,GJ Bailey,Wankhede Stadium,AK Chaudhary,K Srinivasan,
524,525,0.995,0.33,2015,5,4/13/2015,5,1,1,1,normal,0,1,0,8,DA Warner,M Chinnaswamy Stadium,RM Deshpande,RK Illingworth,
525,526,1.303,1.56,2015,21,4/14/2015,2,10,2,2,normal,0,10,0,7,SPD Smith,"Sardar Patel Stadium, Motera",AK Chaudhary,SD Fry,
526,527,1.407,1.011,2015,7,4/30/2015,9,6,6,1,normal,0,6,0,7,AD Russell,Eden Gardens,AK Chaudhary,M Erasmus,
527,528,1.092,1.226,2015,2,4/15/2015,8,7,8,2,normal,0,7,0,5,MA Agarwal,Maharashtra Cricket Association Stadium,CB Gaffaney,K Srinath,
528,529,0.33,1.56,2015,26,4/16/2015,1,10,10,1,normal,0,10,0,6,AM Rahane,Dr. Y.S. Rajasekhara Reddy ACA-VDCA Cricket Stadium,PG Pathak,S Ravi,
529,530,1.303,1.407,2015,6,4/17/2015,2,9,2,2,normal,0,9,0,6,A Nehra,Wankhede Stadium,AK Chaudhary,M Erasmus,
530,531,1.226,0.33,2015,26,4/18/2015,7,1,7,2,normal,0,7,4,0,JP Duminy,Dr. Y.S. Rajasekhara Reddy ACA-VDCA Cricket Stadium,PG Pathak,S Ravi,
531,532,1.092,1.011,2015,2,4/18/2015,8,6,6,1,normal,0,6,0,4,AD Russell,Maharashtra Cricket Association Stadium,SD Fry,CK Nandan,
532,533,1.407,1.56,2015,21,4/19/2015,9,10,9,2,normal,0,10,0,8,AM Rahane,"Sardar Patel Stadium, Motera",AK Chaudhary,M Erasmus,
533,534,1.303,0.995,2015,5,4/19/2015,2,5,5,1,normal,0,2,18,0,Harbhajan Singh,M Chinnaswamy Stadium,RK Illingworth,VA Kulkarni,
534,535,1.226,1.011,2015,8,4/20/2015,7,6,6,1,normal,0,6,0,6,UT Yadav,Feroz Shah Kotla,SD Fry,CB Gaffaney,
535,536,1.56,1.092,2015,21,4/21/2015,10,8,8,1,tie,0,8,0,0,SE Marsh,"Sardar Patel Stadium, Motera",M Erasmus,S Ravi,
536,537,0.33,1.011,2015,26,4/22/2015,1,6,6,1,normal,1,1,16,0,DA Warner,Dr. Y.S. Rajasekhara Reddy ACA-VDCA Cricket Stadium,RK Illingworth,VA Kulkarni,
537,538,1.407,0.995,2015,5,4/22/2015,9,5,5,1,normal,0,9,27,0,SK Raina,M Chinnaswamy Stadium,JD Cloete,C Shamshuddin,
538,539,1.226,1.303,2015,8,4/23/2015,7,2,2,1,normal,0,7,37,0,SS Iyer,Feroz Shah Kotla,SD Fry,CK Nandan,
539,540,1.56,0.995,2015,21,4/24/2015,10,5,5,1,normal,0,5,0,9,MA Starc,"Sardar Patel Stadium, Motera",M Erasmus,S Ravi,
540,541,1.303,0.33,2015,6,4/25/2015,2,1,2,2,normal,0,2,20,0,SL Malinga,Wankhede Stadium,HDPK Dharmasena,CB Gaffaney,
541,542,1.407,1.092,2015,12,4/25/2015,9,8,9,2,normal,0,9,97,0,BB McCullum,"MA Chidambaram Stadium, Chepauk",JD Cloete,C Shamshuddin,
542,543,1.226,0.995,2015,8,4/26/2015,7,5,5,1,normal,0,5,0,10,VR Aaron,Feroz Shah Kotla,M Erasmus,S Ravi,
543,544,0.33,1.092,2015,9,4/27/2015,1,8,8,1,normal,0,1,20,0,TA Boult,"Punjab Cricket Association Stadium, Mohali",HDPK Dharmasena,CB Gaffaney,
544,545,1.011,1.226,2015,7,5/7/2015,6,7,6,2,normal,0,6,13,0,PP Chawla,Eden Gardens,AK Chaudhary,M Erasmus,
545,546,0.995,1.56,2015,5,4/29/2015,5,10,10,1,no result,0,no result,0,0,,M Chinnaswamy Stadium,JD Cloete,PG Pathak,
546,547,1.407,1.011,2015,12,4/28/2015,9,6,6,1,normal,0,9,2,0,DJ Bravo,"MA Chidambaram Stadium, Chepauk",RM Deshpande,VA Kulkarni,
547,548,1.092,1.226,2015,8,5/1/2015,8,7,7,1,normal,0,7,0,9,NM Coulter-Nile,Feroz Shah Kotla,RK Illingworth,S Ravi,
548,549,1.303,1.56,2015,6,5/1/2015,2,10,10,1,normal,0,2,8,0,AT Rayudu,Wankhede Stadium,HDPK Dharmasena,CK Nandan,
549,550,1.011,0.995,2015,5,5/2/2015,6,5,5,1,normal,0,5,0,7,Mandeep Singh,M Chinnaswamy Stadium,JD Cloete,PG Pathak,
550,551,0.33,1.407,2015,1,5/2/2015,1,9,9,1,normal,0,1,22,0,DA Warner,"Rajiv Gandhi International Stadium, Uppal",AK Chaudhary,K Srinivasan,
551,552,1.303,1.092,2015,9,5/3/2015,2,8,2,2,normal,0,2,23,0,LMP Simmons,"Punjab Cricket Association Stadium, Mohali",RK Illingworth,VA Kulkarni,
552,553,1.56,1.226,2015,6,5/3/2015,10,7,7,1,normal,0,10,14,0,AM Rahane,Brabourne Stadium,HDPK Dharmasena,CB Gaffaney,
553,554,1.407,0.995,2015,12,5/4/2015,9,5,9,2,normal,0,9,24,0,SK Raina,"MA Chidambaram Stadium, Chepauk",C Shamshuddin,K Srinath,
554,555,1.011,0.33,2015,7,5/4/2015,6,1,1,1,normal,0,6,35,0,UT Yadav,Eden Gardens,AK Chaudhary,M Erasmus,
555,556,1.226,1.303,2015,6,5/5/2015,7,2,7,2,normal,0,2,0,5,Harbhajan Singh,Wankhede Stadium,HDPK Dharmasena,CB Gaffaney,
556,557,0.995,1.092,2015,5,5/6/2015,5,8,8,1,normal,0,5,138,0,CH Gayle,M Chinnaswamy Stadium,RK Illingworth,VA Kulkarni,
557,558,0.33,1.56,2015,6,5/7/2015,1,10,10,1,normal,0,1,7,0,EJG Morgan,Brabourne Stadium,JD Cloete,C Shamshuddin,
558,559,1.407,1.303,2015,12,5/8/2015,9,2,9,2,normal,0,2,0,6,HH Pandya,"MA Chidambaram Stadium, Chepauk",CB Gaffaney,CK Nandan,
559,560,1.092,1.011,2015,7,5/9/2015,8,6,8,2,normal,0,6,0,1,AD Russell,Eden Gardens,AK Chaudhary,HDPK Dharmasena,
560,561,0.33,1.226,2015,27,5/9/2015,1,7,1,2,normal,0,1,6,0,MC Henriques,Shaheed Veer Narayan Singh International Stadium,VA Kulkarni,S Ravi,
561,562,0.995,1.303,2015,6,5/10/2015,5,2,5,2,normal,0,5,39,0,AB de Villiers,Wankhede Stadium,JD Cloete,C Shamshuddin,
562,563,1.407,1.56,2015,12,5/10/2015,9,10,9,2,normal,0,9,12,0,RA Jadeja,"MA Chidambaram Stadium, Chepauk",M Erasmus,CK Nandan,
563,564,0.33,1.092,2015,1,5/11/2015,1,8,1,2,normal,0,1,5,0,DA Warner,"Rajiv Gandhi International Stadium, Uppal",AK Chaudhary,HDPK Dharmasena,
564,565,1.407,1.226,2015,27,5/12/2015,9,7,9,2,normal,0,7,0,6,Z Khan,Shaheed Veer Narayan Singh International Stadium,RK Illingworth,VA Kulkarni,
565,566,1.092,0.995,2015,9,5/13/2015,8,5,5,1,normal,0,8,22,0,AR Patel,"Punjab Cricket Association Stadium, Mohali",JD Cloete,C Shamshuddin,
566,567,1.303,1.011,2015,6,5/14/2015,2,6,6,1,normal,0,2,5,0,HH Pandya,Wankhede Stadium,RK Illingworth,VA Kulkarni,
567,568,0.33,0.995,2015,1,5/15/2015,1,5,1,2,normal,1,5,0,6,V Kohli,"Rajiv Gandhi International Stadium, Uppal",AK Chaudhary,HDPK Dharmasena,
568,569,1.092,1.407,2015,9,5/16/2015,8,9,8,2,normal,0,9,0,7,P Negi,"Punjab Cricket Association Stadium, Mohali",CK Nandan,C Shamshuddin,
569,570,1.56,1.011,2015,6,5/16/2015,10,6,10,2,normal,0,10,9,0,SR Watson,Brabourne Stadium,RM Deshpande,RK Illingworth,
570,571,1.226,0.995,2015,5,5/17/2015,7,5,5,1,no result,0,no result,0,0,,M Chinnaswamy Stadium,HDPK Dharmasena,K Srinivasan,
571,572,0.33,1.303,2015,1,5/17/2015,1,2,1,2,normal,0,2,0,9,MJ McClenaghan,"Rajiv Gandhi International Stadium, Uppal",CB Gaffaney,K Srinath,
572,573,1.303,1.407,2015,6,5/19/2015,2,9,2,2,normal,0,2,25,0,KA Pollard,Wankhede Stadium,HDPK Dharmasena,RK Illingworth,
573,574,0.995,1.56,2015,2,5/20/2015,5,10,5,2,normal,0,5,71,0,AB de Villiers,Maharashtra Cricket Association Stadium,AK Chaudhary,C Shamshuddin,
574,575,0.995,1.407,2015,28,5/22/2015,5,9,9,1,normal,0,9,0,3,A Nehra,JSCA International Stadium Complex,AK Chaudhary,CB Gaffaney,
575,576,1.303,1.407,2015,7,5/24/2015,2,9,9,1,normal,0,2,41,0,RG Sharma,Eden Gardens,HDPK Dharmasena,RK Illingworth,
576,577,1.303,0,2016,6,4/9/2016,2,14,2,2,normal,0,14,0,9,AM Rahane,Wankhede Stadium,HDPK Dharmasena,CK Nandan,
577,578,1.226,1.011,2016,7,4/10/2016,7,6,6,1,normal,0,6,0,9,AD Russell,Eden Gardens,S Ravi,C Shamshuddin,
578,579,1.092,0,2016,9,4/11/2016,8,3,3,1,normal,0,3,0,5,AJ Finch,"Punjab Cricket Association IS Bindra Stadium, Mohali",AK Chaudhary,VA Kulkarni,
579,580,0.995,0.33,2016,5,4/12/2016,5,1,1,1,normal,0,5,45,0,AB de Villiers,M Chinnaswamy Stadium,HDPK Dharmasena,VK Sharma,
580,581,1.011,1.303,2016,7,4/13/2016,6,2,2,1,normal,0,2,0,6,RG Sharma,Eden Gardens,Nitin Menon,S Ravi,
581,582,0,0,2016,3,4/14/2016,14,3,14,2,normal,0,3,0,7,AJ Finch,Saurashtra Cricket Association Stadium,VA Kulkarni,CK Nandan,
582,583,1.092,1.226,2016,8,4/15/2016,8,7,7,1,normal,0,7,0,8,A Mishra,Feroz Shah Kotla,S Ravi,C Shamshuddin,
583,584,0.33,1.011,2016,1,4/16/2016,1,6,1,2,normal,0,6,0,8,G Gambhir,"Rajiv Gandhi International Stadium, Uppal",AK Chaudhary,CK Nandan,
584,585,1.303,0,2016,6,4/16/2016,2,3,3,1,normal,0,3,0,3,AJ Finch,Wankhede Stadium,HDPK Dharmasena,VK Sharma,
585,586,0,1.092,2016,9,4/17/2016,14,8,14,2,normal,0,8,0,6,M Vohra,"Punjab Cricket Association IS Bindra Stadium, Mohali",S Ravi,C Shamshuddin,
586,587,0.995,1.226,2016,5,4/17/2016,5,7,7,1,normal,0,7,0,7,Q de Kock,M Chinnaswamy Stadium,VA Kulkarni,A Nand Kishore,
587,588,1.303,0.33,2016,1,4/18/2016,2,1,1,1,normal,0,1,0,7,DA Warner,"Rajiv Gandhi International Stadium, Uppal",HDPK Dharmasena,VK Sharma,
588,589,1.092,1.011,2016,9,4/19/2016,8,6,6,1,normal,0,6,0,6,RV Uthappa,"Punjab Cricket Association IS Bindra Stadium, Mohali",S Ravi,C Shamshuddin,
589,590,0.995,1.303,2016,6,4/20/2016,5,2,2,1,normal,0,2,0,6,RG Sharma,Wankhede Stadium,AK Chaudhary,CK Nandan,
590,591,0,0.33,2016,3,4/21/2016,3,1,1,1,normal,0,1,0,10,B Kumar,Saurashtra Cricket Association Stadium,K Bharatan,HDPK Dharmasena,
591,592,0.995,0,2016,2,4/22/2016,5,14,14,1,normal,0,5,13,0,AB de Villiers,Maharashtra Cricket Association Stadium,CB Gaffaney,VK Sharma,
592,593,1.226,1.303,2016,8,4/23/2016,7,2,2,1,normal,0,7,10,0,SV Samson,Feroz Shah Kotla,S Ravi,C Shamshuddin,
593,594,1.092,0.33,2016,1,4/23/2016,8,1,1,1,normal,0,1,0,5,Mustafizur Rahman,"Rajiv Gandhi International Stadium, Uppal",AK Chaudhary,CK Nandan,
594,595,0.995,0,2016,3,4/24/2016,5,3,5,2,normal,0,3,0,6,V Kohli,Saurashtra Cricket Association Stadium,K Bharatan,BNJ Oxenford,
595,596,0,1.011,2016,2,4/24/2016,14,6,6,1,normal,0,6,0,2,SA Yadav,Maharashtra Cricket Association Stadium,CB Gaffaney,A Nand Kishore,
596,597,1.303,1.092,2016,9,4/25/2016,2,8,8,1,normal,0,2,25,0,PA Patel,"Punjab Cricket Association IS Bindra Stadium, Mohali",Nitin Menon,RJ Tucker,
597,598,0.33,0,2016,1,4/26/2016,1,14,14,1,normal,1,14,34,0,AB Dinda,"Rajiv Gandhi International Stadium, Uppal",AY Dandekar,CK Nandan,
598,599,0,1.226,2016,8,4/27/2016,3,7,7,1,normal,0,3,1,0,CH Morris,Feroz Shah Kotla,M Erasmus,S Ravi,
599,600,1.011,1.303,2016,6,4/28/2016,6,2,2,1,normal,0,2,0,6,RG Sharma,Wankhede Stadium,Nitin Menon,RJ Tucker,
600,601,0,0,2016,2,4/29/2016,14,3,3,1,normal,0,3,0,3,DR Smith,Maharashtra Cricket Association Stadium,CB Gaffaney,BNJ Oxenford,
601,602,1.226,1.011,2016,8,4/30/2016,7,6,6,1,normal,0,7,27,0,CR Brathwaite,Feroz Shah Kotla,KN Ananthapadmanabhan,M Erasmus,
602,603,0.33,0.995,2016,1,4/30/2016,1,5,5,1,normal,0,1,15,0,DA Warner,"Rajiv Gandhi International Stadium, Uppal",AK Chaudhary,HDPK Dharmasena,
603,604,1.092,0,2016,3,5/1/2016,8,3,3,1,normal,0,8,23,0,AR Patel,Saurashtra Cricket Association Stadium,BNJ Oxenford,VK Sharma,
604,605,0,1.303,2016,2,5/1/2016,14,2,2,1,normal,0,2,0,8,RG Sharma,Maharashtra Cricket Association Stadium,AY Dandekar,RJ Tucker,
605,606,0.995,1.011,2016,5,5/2/2016,5,6,6,1,normal,0,6,0,5,AD Russell,M Chinnaswamy Stadium,M Erasmus,S Ravi,
606,607,0,1.226,2016,3,5/3/2016,3,7,7,1,normal,0,7,0,8,RR Pant,Saurashtra Cricket Association Stadium,CB Gaffaney,BNJ Oxenford,
607,608,1.011,1.092,2016,7,5/4/2016,6,8,8,1,normal,0,6,7,0,AD Russell,Eden Gardens,AK Chaudhary,HDPK Dharmasena,
608,609,1.226,0,2016,8,5/5/2016,7,14,14,1,normal,0,14,0,7,AM Rahane,Feroz Shah Kotla,C Shamshuddin,RJ Tucker,
609,610,0,0.33,2016,1,5/6/2016,3,1,1,1,normal,0,1,0,5,B Kumar,"Rajiv Gandhi International Stadium, Uppal",M Erasmus,S Ravi,
610,611,0,0.995,2016,5,5/7/2016,14,5,5,1,normal,0,5,0,7,V Kohli,M Chinnaswamy Stadium,CB Gaffaney,BNJ Oxenford,
611,612,1.092,1.226,2016,9,5/7/2016,8,7,7,1,normal,0,8,9,0,MP Stoinis,"Punjab Cricket Association IS Bindra Stadium, Mohali",HDPK Dharmasena,CK Nandan,
612,613,0.33,1.303,2016,26,5/8/2016,1,2,2,1,normal,0,1,85,0,A Nehra,Dr. Y.S. Rajasekhara Reddy ACA-VDCA Cricket Stadium,S Ravi,C Shamshuddin,
613,614,1.011,0,2016,7,5/8/2016,6,3,3,1,normal,0,3,0,5,P Kumar,Eden Gardens,M Erasmus,RJ Tucker,
614,615,0.995,1.092,2016,9,5/9/2016,5,8,8,1,normal,0,5,1,0,SR Watson,"Punjab Cricket Association IS Bindra Stadium, Mohali",AK Chaudhary,HDPK Dharmasena,
615,616,0.33,0,2016,26,5/10/2016,1,14,1,2,normal,0,1,4,0,A Zampa,Dr. Y.S. Rajasekhara Reddy ACA-VDCA Cricket Stadium,CB Gaffaney,VK Sharma,
616,617,0.995,1.303,2016,5,5/11/2016,5,2,2,1,normal,0,2,0,6,KH Pandya,M Chinnaswamy Stadium,AY Dandekar,C Shamshuddin,
617,618,0.33,1.226,2016,1,5/12/2016,1,7,7,1,normal,0,7,0,7,CH Morris,"Rajiv Gandhi International Stadium, Uppal",K Bharatan,M Erasmus,
618,619,1.303,1.092,2016,26,5/13/2016,2,8,2,2,normal,0,8,0,7,MP Stoinis,Dr. Y.S. Rajasekhara Reddy ACA-VDCA Cricket Stadium,HDPK Dharmasena,CK Nandan,
619,620,0.995,0,2016,5,5/14/2016,5,3,3,1,normal,0,5,144,0,AB de Villiers,M Chinnaswamy Stadium,AY Dandekar,VK Sharma,
620,621,0,1.011,2016,7,5/14/2016,14,6,14,2,normal,1,6,0,8,YK Pathan,Eden Gardens,A Nand Kishore,BNJ Oxenford,
621,622,1.092,0.33,2016,9,5/15/2016,8,1,8,2,normal,0,1,0,7,HM Amla,"Punjab Cricket Association IS Bindra Stadium, Mohali",KN Ananthapadmanabhan,M Erasmus,
622,623,1.303,1.226,2016,26,5/15/2016,2,7,7,1,normal,0,2,80,0,KH Pandya,Dr. Y.S. Rajasekhara Reddy ACA-VDCA Cricket Stadium,Nitin Menon,CK Nandan,
623,624,1.011,0.995,2016,7,5/16/2016,6,5,5,1,normal,0,5,0,9,V Kohli,Eden Gardens,CB Gaffaney,A Nand Kishore,
624,625,1.226,0,2016,26,5/17/2016,7,14,14,1,normal,1,14,19,0,AB Dinda,Dr. Y.S. Rajasekhara Reddy ACA-VDCA Cricket Stadium,Nitin Menon,C Shamshuddin,
625,626,0.995,1.092,2016,5,5/18/2016,5,8,8,1,normal,1,5,82,0,V Kohli,M Chinnaswamy Stadium,KN Ananthapadmanabhan,M Erasmus,
626,627,1.011,0,2016,10,5/19/2016,6,3,3,1,normal,0,3,0,6,DR Smith,Green Park,AK Chaudhary,CK Nandan,
627,628,0.33,1.226,2016,27,5/20/2016,1,7,7,1,normal,0,7,0,6,KK Nair,Shaheed Veer Narayan Singh International Stadium,A Nand Kishore,BNJ Oxenford,
628,629,1.092,0,2016,26,5/21/2016,8,14,8,2,normal,0,14,0,4,MS Dhoni,Dr. Y.S. Rajasekhara Reddy ACA-VDCA Cricket Stadium,HDPK Dharmasena,Nitin Menon,
629,630,1.303,0,2016,10,5/21/2016,2,3,3,1,normal,0,3,0,6,SK Raina,Green Park,AK Chaudhary,CK Nandan,
630,631,1.011,0.33,2016,7,5/22/2016,6,1,1,1,normal,0,6,22,0,YK Pathan,Eden Gardens,KN Ananthapadmanabhan,M Erasmus,
631,632,1.226,0.995,2016,27,5/22/2016,7,5,5,1,normal,0,5,0,6,V Kohli,Shaheed Veer Narayan Singh International Stadium,A Nand Kishore,BNJ Oxenford,
632,633,0,0.995,2016,5,5/24/2016,3,5,5,1,normal,0,5,0,4,AB de Villiers,M Chinnaswamy Stadium,AK Chaudhary,HDPK Dharmasena,
633,634,0.33,1.011,2016,8,5/25/2016,1,6,6,1,normal,0,1,22,0,MC Henriques,Feroz Shah Kotla,M Erasmus,C Shamshuddin,
634,635,0,0.33,2016,8,5/27/2016,3,1,1,1,normal,0,1,0,4,DA Warner,Feroz Shah Kotla,M Erasmus,CK Nandan,
635,636,0.33,0.995,2016,5,5/29/2016,1,5,1,2,normal,0,1,8,0,BCJ Cutting,M Chinnaswamy Stadium,HDPK Dharmasena,BNJ Oxenford,
636,637,1.303,1.407,2018,6,7-Apr,2,9,9,1,,,9,,,,,,,
637,638,1.226,1.092,2018,32,8-Apr,7,8,8,1,,,8,,,,,,,
638,639,0.995,1.011,2018,7,4/8/2018,5,6,6,1,,,6,,,,,,,
639,640,1.56,0.33,2018,1,9-Apr,10,1,1,1,,,10,,,,,,,
640,641,1.011,1.407,2018,12,4/10/2018,6,9,9,1,,,9,,,,,,,
641,642,1.56,1.226,2018,11,11-Apr,10,7,7,1,,,10,,,,,,,
642,643,1.303,0.33,2018,1,4/12/2018,2,1,1,1,,,1,,,,,,,
643,644,1.092,0.995,2018,5,13-Apr,8,5,5,1,,,5,,,,,,,
644,645,1.303,1.226,2018,6,14-Apr,2,7,7,1,,,7,,,,,,,
645,646,1.011,0.33,2018,7,14-Apr,6,1,1,1,,,1,,,,,,,
646,647,1.56,0.995,2018,5,15-Apr,10,5,5,1,,,10,,,,,,,
647,648,1.092,1.407,2018,32,15-Apr,8,9,9,1,,,8,,,,,,,
648,649,1.011,1.226,2018,7,16-Apr,6,7,7,1,,,6,,,,,,,
649,650,1.303,0.995,2018,6,17-Apr,2,5,5,1,,,2,,,,,,,
650,651,1.56,1.011,2018,11,18-Apr,10,6,6,1,,,6,,,,,,,
651,652,1.092,0.33,2018,32,19-Apr,8,1,8,2,,,8,,,,,,,
652,653,1.407,1.56,2018,2,20-Apr,9,10,10,1,,,9,,,,,,,
653,654,1.011,1.092,2018,7,21-Apr,6,8,8,1,,,8,,,,,,,
654,655,1.226,0.995,2018,5,21-Apr,7,5,5,1,,,5,,,,,,,
655,656,1.407,0.33,2018,1,22-Apr,9,1,1,1,,,9,,,,,,,
656,657,1.303,1.56,2018,11,22-Apr,2,10,2,2,,,10,,,,,,,
657,658,1.092,1.226,2018,8,23-Apr,8,7,7,1,,,8,,,,,,,
658,659,0.33,1.303,2018,6,24-Apr,1,2,2,1,,,1,,,,,,,
659,660,0.995,1.407,2018,5,25-Apr,5,9,9,1,,,9,,,,,,,
660,661,0.33,1.092,2018,1,26-Apr,1,8,8,1,,,1,,,,,,,
661,662,1.226,1.011,2018,8,27-Apr,7,6,6,1,,,7,,,,,,,
662,663,1.407,1.303,2018,2,28-Apr,9,2,2,1,,,2,,,,,,,
663,664,0.33,1.56,2018,11,29-Apr,1,10,1,2,,,1,,,,,,,
664,665,1.011,0.995,2018,5,29-Apr,6,5,6,1,,,6,,,,,,,
665,666,1.407,1.226,2018,2,30-Apr,9,7,7,1,,,9,,,,,,,
666,667,0.995,1.303,2018,5,1-May,5,2,2,1,,,5,,,,,,,
667,668,1.226,1.56,2018,8,2-May,7,10,10,1,,,7,,,,,,,
668,669,1.011,1.407,2018,7,3-May,6,9,6,1,,,6,,,,,,,
669,670,1.092,1.303,2018,4,4-May,8,2,2,1,,,2,,,,,,,
