,Unnamed: 0,t1_score,t2_score,id,season,city,date,team1,team2,toss_winner,toss_decision,result,dl_applied,winner,win_by_runs,win_by_wickets,player_of_match,venue,umpire1,umpire2,umpire3
0,0,,,1,2017,1,4/5/2017,1,5,5,1,normal,0.0,1,35.0,0.0,Yuvraj Singh,"Rajiv Gandhi International Stadium, Uppal",AY Dandekar,NJ Llong,
1,1,,,2,2017,2,4/6/2017,2,4,4,1,normal,0.0,4,0.0,7.0,SPD Smith,Maharashtra Cricket Association Stadium,A Nand Kishore,S Ravi,
2,2,,,3,2017,3,4/7/2017,3,6,6,1,normal,0.0,6,0.0,10.0,CA Lynn,Saurashtra Cricket Association Stadium,Nitin Menon,CK Nandan,
3,3,,,4,2017,4,4/8/2017,4,8,8,1,normal,0.0,8,0.0,6.0,GJ Maxwell,Holkar Cricket Stadium,AK Chaudhary,C Shamshuddin,
4,4,,,5,2017,5,4/8/2017,5,7,5,2,normal,0.0,5,15.0,0.0,KM Jadhav,M Chinnaswamy Stadium,,,
5,5,,,6,2017,1,4/9/2017,3,1,1,1,normal,0.0,1,0.0,9.0,Rashid Khan,"Rajiv Gandhi International Stadium, Uppal",A Deshmukh,NJ Llong,
6,6,,,7,2017,6,4/9/2017,6,2,2,1,normal,0.0,2,0.0,4.0,N Rana,Wankhede Stadium,Nitin Menon,CK Nandan,
7,7,,,8,2017,4,4/10/2017,5,8,5,2,normal,0.0,8,0.0,8.0,AR Patel,Holkar Cricket Stadium,AK Chaudhary,C Shamshuddin,
8,8,,,9,2017,2,4/11/2017,7,4,4,1,normal,0.0,7,97.0,0.0,SV Samson,Maharashtra Cricket Association Stadium,AY Dandekar,S Ravi,
9,9,,,10,2017,6,4/12/2017,1,2,2,1,normal,0.0,2,0.0,4.0,JJ Bumrah,Wankhede Stadium,Nitin Menon,CK Nandan,
10,10,,,11,2017,7,4/13/2017,8,6,6,1,normal,0.0,6,0.0,8.0,SP Narine,Eden Gardens,A Deshmukh,NJ Llong,
11,11,,,12,2017,5,4/14/2017,5,2,2,1,normal,0.0,2,0.0,4.0,KA Pollard,M Chinnaswamy Stadium,KN Ananthapadmanabhan,AK Chaudhary,
12,12,,,13,2017,3,4/14/2017,4,3,3,1,normal,0.0,3,0.0,7.0,AJ Tye,Saurashtra Cricket Association Stadium,A Nand Kishore,S Ravi,
13,13,,,14,2017,7,4/15/2017,6,1,1,1,normal,0.0,6,17.0,0.0,RV Uthappa,Eden Gardens,AY Dandekar,NJ Llong,
14,14,,,15,2017,8,4/15/2017,7,8,7,2,normal,0.0,7,51.0,0.0,CJ Anderson,Feroz Shah Kotla,YC Barde,Nitin Menon,
15,15,,,16,2017,6,4/16/2017,3,2,2,1,normal,0.0,2,0.0,6.0,N Rana,Wankhede Stadium,A Nand Kishore,S Ravi,
16,16,,,17,2017,5,4/16/2017,4,5,5,1,normal,0.0,4,27.0,0.0,BA Stokes,M Chinnaswamy Stadium,KN Ananthapadmanabhan,C Shamshuddin,
17,17,,,18,2017,8,4/17/2017,7,6,7,2,normal,0.0,6,0.0,4.0,NM Coulter-Nile,Feroz Shah Kotla,Nitin Menon,CK Nandan,
18,18,,,19,2017,1,4/17/2017,1,8,8,1,normal,0.0,1,5.0,0.0,B Kumar,"Rajiv Gandhi International Stadium, Uppal",AY Dandekar,A Deshmukh,
19,19,,,20,2017,3,4/18/2017,5,3,3,1,normal,0.0,5,21.0,0.0,CH Gayle,Saurashtra Cricket Association Stadium,S Ravi,VK Sharma,
20,20,,,21,2017,1,4/19/2017,1,7,1,2,normal,0.0,1,15.0,0.0,KS Williamson,"Rajiv Gandhi International Stadium, Uppal",CB Gaffaney,NJ Llong,
21,21,,,22,2017,4,4/20/2017,8,2,2,1,normal,0.0,2,0.0,8.0,JC Buttler,Holkar Cricket Stadium,M Erasmus,C Shamshuddin,
22,22,,,23,2017,7,4/21/2017,6,3,3,1,normal,0.0,3,0.0,4.0,SK Raina,Eden Gardens,CB Gaffaney,Nitin Menon,
23,23,,,24,2017,6,4/22/2017,2,7,7,1,normal,0.0,2,14.0,0.0,MJ McClenaghan,Wankhede Stadium,A Nand Kishore,S Ravi,
24,24,,,25,2017,2,4/22/2017,1,4,4,1,normal,0.0,4,0.0,6.0,MS Dhoni,Maharashtra Cricket Association Stadium,AY Dandekar,A Deshmukh,
25,25,,,26,2017,3,4/23/2017,8,3,3,1,normal,0.0,8,26.0,0.0,HM Amla,Saurashtra Cricket Association Stadium,AK Chaudhary,M Erasmus,
26,26,,,27,2017,7,4/23/2017,6,5,5,1,normal,0.0,6,82.0,0.0,NM Coulter-Nile,Eden Gardens,CB Gaffaney,CK Nandan,
27,27,,,28,2017,6,4/24/2017,4,2,2,1,normal,0.0,4,3.0,0.0,BA Stokes,Wankhede Stadium,A Nand Kishore,S Ravi,
28,28,,,29,2017,2,4/26/2017,4,6,6,1,normal,0.0,6,0.0,7.0,RV Uthappa,Maharashtra Cricket Association Stadium,AY Dandekar,NJ Llong,
29,29,,,30,2017,5,4/27/2017,5,3,3,1,normal,0.0,3,0.0,7.0,AJ Tye,M Chinnaswamy Stadium,AK Chaudhary,C Shamshuddin,
30,30,,,31,2017,7,4/28/2017,7,6,6,1,normal,0.0,6,0.0,7.0,G Gambhir,Eden Gardens,NJ Llong,S Ravi,
31,31,,,32,2017,9,4/28/2017,1,8,8,1,normal,0.0,1,26.0,0.0,Rashid Khan,"Punjab Cricket Association IS Bindra Stadium, Mohali",Nitin Menon,CK Nandan,
32,32,,,33,2017,2,4/29/2017,4,5,5,1,normal,0.0,4,61.0,0.0,LH Ferguson,Maharashtra Cricket Association Stadium,KN Ananthapadmanabhan,M Erasmus,
33,33,,,34,2017,3,4/29/2017,3,2,3,2,tie,0.0,2,0.0,0.0,KH Pandya,Saurashtra Cricket Association Stadium,AK Chaudhary,CB Gaffaney,
34,34,,,35,2017,9,4/30/2017,7,8,8,1,normal,0.0,8,0.0,10.0,Sandeep Sharma,"Punjab Cricket Association IS Bindra Stadium, Mohali",YC Barde,CK Nandan,
35,35,,,36,2017,1,4/30/2017,1,6,6,1,normal,0.0,1,48.0,0.0,DA Warner,"Rajiv Gandhi International Stadium, Uppal",AY Dandekar,S Ravi,
36,36,,,37,2017,6,5/1/2017,5,2,5,2,normal,0.0,2,0.0,5.0,RG Sharma,Wankhede Stadium,AK Chaudhary,CB Gaffaney,
37,37,,,38,2017,2,5/1/2017,3,4,4,1,normal,0.0,4,0.0,5.0,BA Stokes,Maharashtra Cricket Association Stadium,M Erasmus,C Shamshuddin,
38,38,,,39,2017,8,5/2/2017,1,7,7,1,normal,0.0,7,0.0,6.0,Mohammed Shami,Feroz Shah Kotla,YC Barde,Nitin Menon,
39,39,,,40,2017,7,5/3/2017,6,4,4,1,normal,0.0,4,0.0,4.0,RA Tripathi,Eden Gardens,KN Ananthapadmanabhan,A Nand Kishore,
40,40,,,41,2017,8,5/4/2017,3,7,7,1,normal,0.0,7,0.0,7.0,RR Pant,Feroz Shah Kotla,M Erasmus,Nitin Menon,
41,41,,,42,2017,5,5/5/2017,8,5,5,1,normal,0.0,8,19.0,0.0,Sandeep Sharma,M Chinnaswamy Stadium,CB Gaffaney,C Shamshuddin,
42,42,,,43,2017,1,5/6/2017,4,1,1,1,normal,0.0,4,12.0,0.0,JD Unadkat,"Rajiv Gandhi International Stadium, Uppal",KN Ananthapadmanabhan,AK Chaudhary,
43,43,,,44,2017,8,5/6/2017,2,7,7,1,normal,0.0,2,146.0,0.0,LMP Simmons,Feroz Shah Kotla,Nitin Menon,CK Nandan,
44,44,,,45,2017,5,5/7/2017,5,6,6,1,normal,0.0,6,0.0,6.0,SP Narine,M Chinnaswamy Stadium,AY Dandekar,C Shamshuddin,
45,45,,,46,2017,9,5/7/2017,8,3,3,1,normal,0.0,3,0.0,6.0,DR Smith,"Punjab Cricket Association IS Bindra Stadium, Mohali",A Nand Kishore,VK Sharma,
46,46,,,47,2017,1,5/8/2017,2,1,2,2,normal,0.0,1,0.0,7.0,S Dhawan,"Rajiv Gandhi International Stadium, Uppal",KN Ananthapadmanabhan,M Erasmus,
47,47,,,48,2017,9,5/9/2017,8,6,6,1,normal,0.0,8,14.0,0.0,MM Sharma,"Punjab Cricket Association IS Bindra Stadium, Mohali",A Nand Kishore,S Ravi,
48,48,,,49,2017,10,5/10/2017,3,7,7,1,normal,0.0,7,0.0,2.0,SS Iyer,Green Park,YC Barde,AK Chaudhary,
49,49,,,50,2017,6,5/11/2017,8,2,2,1,normal,0.0,8,7.0,0.0,WP Saha,Wankhede Stadium,A Deshmukh,A Nand Kishore,
50,50,,,51,2017,8,5/12/2017,7,4,7,2,normal,0.0,7,7.0,0.0,KK Nair,Feroz Shah Kotla,KN Ananthapadmanabhan,CK Nandan,
51,51,,,52,2017,10,5/13/2017,3,1,1,1,normal,0.0,1,0.0,8.0,Mohammed Siraj,Green Park,AK Chaudhary,Nitin Menon,
52,52,,,53,2017,7,5/13/2017,2,6,6,1,normal,0.0,2,9.0,0.0,AT Rayudu,Eden Gardens,A Nand Kishore,S Ravi,
53,53,,,54,2017,2,5/14/2017,8,4,4,1,normal,0.0,4,0.0,9.0,JD Unadkat,Maharashtra Cricket Association Stadium,AY Dandekar,A Deshmukh,
54,54,,,55,2017,8,5/14/2017,5,7,5,2,normal,0.0,5,10.0,0.0,HV Patel,Feroz Shah Kotla,CK Nandan,C Shamshuddin,
55,55,,,56,2017,6,5/16/2017,4,2,2,1,normal,0.0,4,20.0,0.0,Washington Sundar,Wankhede Stadium,S Ravi,C Shamshuddin,
56,56,,,57,2017,5,5/17/2017,1,6,6,1,normal,1.0,6,0.0,7.0,NM Coulter-Nile,M Chinnaswamy Stadium,AK Chaudhary,Nitin Menon,
57,57,,,58,2017,5,5/19/2017,6,2,2,1,normal,0.0,2,0.0,6.0,KV Sharma,M Chinnaswamy Stadium,NJ Llong,Nitin Menon,
58,58,,,59,2017,1,5/21/2017,2,4,2,2,normal,0.0,2,1.0,0.0,KH Pandya,"Rajiv Gandhi International Stadium, Uppal",NJ Llong,S Ravi,
59,59,,,60,2008,5,4/18/2008,6,5,5,1,normal,0.0,6,140.0,0.0,BB McCullum,M Chinnaswamy Stadium,Asad Rauf,RE Koertzen,
60,60,,,61,2008,9,4/19/2008,9,8,9,2,normal,0.0,9,33.0,0.0,MEK Hussey,"Punjab Cricket Association Stadium, Mohali",MR Benson,SL Shastri,
61,61,,,62,2008,8,4/19/2008,10,7,10,2,normal,0.0,7,0.0,9.0,MF Maharoof,Feroz Shah Kotla,Aleem Dar,GA Pratapkumar,
62,62,,,63,2008,6,4/20/2008,2,5,2,2,normal,0.0,5,0.0,5.0,MV Boucher,Wankhede Stadium,SJ Davis,DJ Harper,
63,63,,,64,2008,7,4/20/2008,11,6,11,2,normal,0.0,6,0.0,5.0,DJ Hussey,Eden Gardens,BF Bowden,K Hariharan,
64,64,,,65,2008,11,4/21/2008,8,10,8,2,normal,0.0,10,0.0,6.0,SR Watson,Sawai Mansingh Stadium,Aleem Dar,RB Tiffin,
65,65,,,66,2008,1,4/22/2008,11,7,11,2,normal,0.0,7,0.0,9.0,V Sehwag,"Rajiv Gandhi International Stadium, Uppal",IL Howell,AM Saheba,
66,66,,,67,2008,12,4/23/2008,9,2,2,1,normal,0.0,9,6.0,0.0,ML Hayden,"MA Chidambaram Stadium, Chepauk",DJ Harper,GA Pratapkumar,
67,67,,,68,2008,1,4/24/2008,11,10,10,1,normal,0.0,10,0.0,3.0,YK Pathan,"Rajiv Gandhi International Stadium, Uppal",Asad Rauf,MR Benson,
68,68,,,69,2008,9,4/25/2008,8,2,2,1,normal,0.0,8,66.0,0.0,KC Sangakkara,"Punjab Cricket Association Stadium, Mohali",Aleem Dar,AM Saheba,
69,69,,,70,2008,5,4/26/2008,5,10,10,1,normal,0.0,10,0.0,7.0,SR Watson,M Chinnaswamy Stadium,MR Benson,IL Howell,
70,70,,,71,2008,12,4/26/2008,6,9,6,2,normal,0.0,9,0.0,9.0,JDP Oram,"MA Chidambaram Stadium, Chepauk",BF Bowden,AV Jayaprakash,
71,71,,,72,2008,6,4/27/2008,2,11,11,1,normal,0.0,11,0.0,10.0,AC Gilchrist,Dr DY Patil Sports Academy,Asad Rauf,SL Shastri,
72,72,,,73,2008,9,4/27/2008,7,8,7,2,normal,0.0,8,0.0,4.0,SM Katich,"Punjab Cricket Association Stadium, Mohali",RE Koertzen,I Shivram,
73,73,,,74,2008,5,4/28/2008,9,5,9,2,normal,0.0,9,13.0,0.0,MS Dhoni,M Chinnaswamy Stadium,BR Doctrove,RB Tiffin,
74,74,,,75,2008,7,4/29/2008,6,2,6,2,normal,0.0,2,0.0,7.0,ST Jayasuriya,Eden Gardens,BF Bowden,AV Jayaprakash,
75,75,,,76,2008,8,4/30/2008,7,5,5,1,normal,0.0,7,10.0,0.0,GD McGrath,Feroz Shah Kotla,Aleem Dar,I Shivram,
76,76,,,77,2008,1,5/1/2008,11,8,8,1,normal,0.0,8,0.0,7.0,SE Marsh,"Rajiv Gandhi International Stadium, Uppal",BR Doctrove,RB Tiffin,
77,77,,,78,2008,11,5/1/2008,10,6,10,2,normal,0.0,10,45.0,0.0,SA Asnodkar,Sawai Mansingh Stadium,RE Koertzen,GA Pratapkumar,
78,78,,,79,2008,12,5/2/2008,9,7,9,2,normal,0.0,7,0.0,8.0,V Sehwag,"MA Chidambaram Stadium, Chepauk",BF Bowden,K Hariharan,
79,79,,,80,2008,1,5/25/2008,11,5,11,2,normal,0.0,5,0.0,5.0,R Vinay Kumar,"Rajiv Gandhi International Stadium, Uppal",Asad Rauf,RE Koertzen,
80,80,,,81,2008,9,5/3/2008,8,6,8,2,normal,0.0,8,9.0,0.0,IK Pathan,"Punjab Cricket Association Stadium, Mohali",DJ Harper,I Shivram,
81,81,,,82,2008,6,5/4/2008,2,7,7,1,normal,0.0,2,29.0,0.0,SM Pollock,Dr DY Patil Sports Academy,IL Howell,RE Koertzen,
82,82,,,83,2008,11,5/4/2008,9,10,9,2,normal,0.0,10,0.0,8.0,Sohail Tanvir,Sawai Mansingh Stadium,Asad Rauf,AV Jayaprakash,
83,83,,,84,2008,5,5/5/2008,5,8,8,1,normal,0.0,8,0.0,6.0,S Sreesanth,M Chinnaswamy Stadium,SJ Davis,BR Doctrove,
84,84,,,85,2008,12,5/6/2008,9,11,11,1,normal,0.0,11,0.0,7.0,AC Gilchrist,"MA Chidambaram Stadium, Chepauk",MR Benson,RB Tiffin,
85,85,,,86,2008,6,5/7/2008,10,2,2,1,normal,0.0,2,0.0,7.0,A Nehra,Dr DY Patil Sports Academy,DJ Harper,RE Koertzen,
86,86,,,87,2008,8,5/8/2008,7,9,9,1,normal,0.0,9,0.0,4.0,MS Dhoni,Feroz Shah Kotla,Aleem Dar,RB Tiffin,
87,87,,,88,2008,7,5/8/2008,6,5,6,2,normal,0.0,6,5.0,0.0,SC Ganguly,Eden Gardens,Asad Rauf,IL Howell,
88,88,,,89,2008,11,5/9/2008,11,10,10,1,normal,0.0,10,0.0,8.0,YK Pathan,Sawai Mansingh Stadium,MR Benson,AM Saheba,
89,89,,,90,2008,5,5/28/2008,5,2,2,1,normal,0.0,2,0.0,9.0,CRD Fernando,M Chinnaswamy Stadium,BF Bowden,AV Jayaprakash,
90,90,,,91,2008,12,5/10/2008,9,8,8,1,normal,0.0,9,18.0,0.0,L Balaji,"MA Chidambaram Stadium, Chepauk",AV Jayaprakash,BG Jerling,
91,91,,,92,2008,1,5/11/2008,6,11,6,2,normal,0.0,6,23.0,0.0,SC Ganguly,"Rajiv Gandhi International Stadium, Uppal",IL Howell,AM Saheba,
92,92,,,93,2008,11,5/11/2008,7,10,10,1,normal,0.0,10,0.0,3.0,SR Watson,Sawai Mansingh Stadium,SJ Davis,RE Koertzen,
93,93,,,94,2008,9,5/12/2008,5,8,5,2,normal,0.0,8,0.0,9.0,SE Marsh,"Punjab Cricket Association Stadium, Mohali",BR Doctrove,I Shivram,
94,94,,,95,2008,7,5/13/2008,6,7,6,2,normal,0.0,6,23.0,0.0,Shoaib Akhtar,Eden Gardens,Asad Rauf,IL Howell,
95,95,,,96,2008,6,5/14/2008,9,2,2,1,normal,0.0,2,0.0,9.0,ST Jayasuriya,Wankhede Stadium,BR Doctrove,AM Saheba,
96,96,,,97,2008,9,5/28/2008,8,10,10,1,normal,0.0,8,41.0,0.0,SE Marsh,"Punjab Cricket Association Stadium, Mohali",SJ Davis,K Hariharan,
97,97,,,98,2008,8,5/15/2008,7,11,11,1,normal,0.0,7,12.0,0.0,A Mishra,Feroz Shah Kotla,BG Jerling,GA Pratapkumar,
98,98,,,99,2008,6,5/16/2008,6,2,2,1,normal,0.0,2,0.0,8.0,SM Pollock,Wankhede Stadium,BR Doctrove,DJ Harper,
99,99,,,100,2008,8,5/17/2008,7,8,7,2,normal,1.0,8,6.0,0.0,DPMD Jayawardene,Feroz Shah Kotla,AV Jayaprakash,RE Koertzen,
100,100,,,101,2008,11,5/17/2008,10,5,5,1,normal,0.0,10,65.0,0.0,GC Smith,Sawai Mansingh Stadium,BF Bowden,SL Shastri,
101,101,,,102,2008,1,5/18/2008,2,11,11,1,normal,0.0,2,25.0,0.0,DJ Bravo,"Rajiv Gandhi International Stadium, Uppal",BR Doctrove,DJ Harper,
102,102,,,103,2008,7,5/18/2008,6,9,6,2,normal,1.0,9,3.0,0.0,M Ntini,Eden Gardens,Asad Rauf,K Hariharan,
103,103,,,104,2008,5,5/19/2008,5,7,7,1,normal,0.0,7,0.0,5.0,SP Goswami,M Chinnaswamy Stadium,SJ Davis,GA Pratapkumar,
104,104,,,105,2008,7,5/20/2008,6,10,10,1,normal,0.0,10,0.0,6.0,YK Pathan,Eden Gardens,BG Jerling,RE Koertzen,
105,105,,,106,2008,6,5/21/2008,8,2,2,1,normal,0.0,8,1.0,0.0,SE Marsh,Wankhede Stadium,BF Bowden,GA Pratapkumar,
106,106,,,107,2008,12,5/21/2008,5,9,5,2,normal,0.0,5,14.0,0.0,A Kumble,"MA Chidambaram Stadium, Chepauk",DJ Harper,I Shivram,
107,107,,,108,2008,9,5/23/2008,11,8,8,1,normal,0.0,8,0.0,6.0,SE Marsh,"Punjab Cricket Association Stadium, Mohali",Asad Rauf,SJ Davis,
108,108,,,109,2008,8,5/24/2008,2,7,7,1,normal,0.0,7,0.0,5.0,KD Karthik,Feroz Shah Kotla,BF Bowden,K Hariharan,
109,109,,,110,2008,12,5/24/2008,10,9,10,2,normal,0.0,10,10.0,0.0,JA Morkel,"MA Chidambaram Stadium, Chepauk",DJ Harper,SL Shastri,
110,110,,,111,2008,5,5/3/2008,5,11,11,1,normal,0.0,5,3.0,0.0,P Kumar,M Chinnaswamy Stadium,BR Doctrove,SL Shastri,
111,111,,,112,2008,7,5/25/2008,8,6,8,2,normal,0.0,6,0.0,3.0,Umar Gul,Eden Gardens,SJ Davis,I Shivram,
112,112,,,113,2008,11,5/26/2008,2,10,10,1,normal,0.0,10,0.0,5.0,Sohail Tanvir,Sawai Mansingh Stadium,BF Bowden,K Hariharan,
113,113,,,114,2008,1,5/27/2008,11,9,11,2,normal,0.0,9,0.0,7.0,SK Raina,"Rajiv Gandhi International Stadium, Uppal",BG Jerling,AM Saheba,
114,114,,,115,2008,6,5/30/2008,10,7,7,1,normal,0.0,10,105.0,0.0,SR Watson,Wankhede Stadium,BF Bowden,RE Koertzen,
115,115,,,116,2008,6,5/31/2008,8,9,8,2,normal,0.0,9,0.0,9.0,M Ntini,Wankhede Stadium,Asad Rauf,DJ Harper,
116,116,,,117,2008,6,6/1/2008,9,10,10,1,normal,0.0,10,0.0,3.0,YK Pathan,Dr DY Patil Sports Academy,BF Bowden,RE Koertzen,
117,117,,,118,2009,13,4/18/2009,2,9,9,1,normal,0.0,2,19.0,0.0,SR Tendulkar,Newlands,BR Doctrove,K Hariharan,
118,118,,,119,2009,13,4/18/2009,5,10,5,2,normal,0.0,5,75.0,0.0,R Dravid,Newlands,BR Doctrove,RB Tiffin,
119,119,,,120,2009,13,4/19/2009,8,7,7,1,normal,1.0,7,0.0,10.0,DL Vettori,Newlands,MR Benson,SD Ranade,
120,120,,,121,2009,13,4/19/2009,6,11,6,2,normal,0.0,11,0.0,8.0,RP Singh,Newlands,MR Benson,BR Doctrove,
121,121,,,122,2009,14,4/20/2009,9,5,9,2,normal,0.0,9,92.0,0.0,M Muralitharan,St George's Park,BG Jerling,SJA Taufel,
122,122,,,123,2009,15,4/21/2009,8,6,6,1,normal,1.0,6,11.0,0.0,CH Gayle,Kingsmead,DJ Harper,SD Ranade,
123,123,,,124,2009,13,4/22/2009,11,5,11,2,normal,0.0,11,24.0,0.0,AC Gilchrist,Newlands,M Erasmus,AM Saheba,
124,124,,,125,2009,15,4/23/2009,7,9,7,2,normal,0.0,7,9.0,0.0,AB de Villiers,Kingsmead,BR Doctrove,SJA Taufel,
125,125,,,126,2009,13,4/23/2009,10,6,6,1,tie,0.0,10,0.0,0.0,YK Pathan,Newlands,MR Benson,M Erasmus,
126,126,,,127,2009,15,4/24/2009,5,8,5,2,normal,0.0,8,0.0,7.0,RS Bopara,Kingsmead,BR Doctrove,TH Wijewardene,
127,127,,,128,2009,15,4/25/2009,11,2,11,2,normal,0.0,11,12.0,0.0,PP Ojha,Kingsmead,HDPK Dharmasena,SJA Taufel,
128,128,,,129,2009,14,4/26/2009,5,7,5,2,normal,0.0,7,0.0,6.0,TM Dilshan,St George's Park,S Asnani,BG Jerling,
129,129,,,130,2009,13,4/26/2009,8,10,8,2,normal,0.0,8,27.0,0.0,KC Sangakkara,Newlands,M Erasmus,K Hariharan,
130,130,,,131,2009,15,4/27/2009,9,11,11,1,normal,0.0,11,0.0,6.0,HH Gibbs,Kingsmead,IL Howell,TH Wijewardene,
131,131,,,132,2009,14,4/27/2009,2,6,2,2,normal,0.0,2,92.0,0.0,SR Tendulkar,St George's Park,BG Jerling,RB Tiffin,
132,132,,,133,2009,16,4/28/2009,7,10,7,2,normal,0.0,10,0.0,5.0,YK Pathan,SuperSport Park,GAV Baxter,RE Koertzen,
133,133,,,134,2009,15,4/29/2009,6,5,6,2,normal,0.0,5,0.0,5.0,MV Boucher,Kingsmead,MR Benson,TH Wijewardene,
134,134,,,135,2009,15,4/29/2009,8,2,8,2,normal,0.0,8,3.0,0.0,KC Sangakkara,Kingsmead,MR Benson,SL Shastri,
135,135,,,136,2009,16,4/30/2009,11,7,7,1,normal,0.0,7,0.0,6.0,DP Nannes,SuperSport Park,GAV Baxter,AM Saheba,
136,136,,,137,2009,16,4/30/2009,9,10,10,1,normal,0.0,9,38.0,0.0,SK Raina,SuperSport Park,GAV Baxter,RE Koertzen,
137,137,,,138,2009,17,5/1/2009,2,6,2,2,normal,0.0,2,9.0,0.0,JP Duminy,Buffalo Park,M Erasmus,SK Tarapore,
138,138,,,139,2009,15,5/1/2009,5,8,5,2,normal,0.0,5,8.0,0.0,Yuvraj Singh,Kingsmead,HDPK Dharmasena,S Ravi,
139,139,,,140,2009,14,5/2/2009,11,10,11,2,normal,0.0,10,0.0,3.0,YK Pathan,St George's Park,S Asnani,BG Jerling,
140,140,,,141,2009,18,5/2/2009,9,7,7,1,normal,0.0,9,18.0,0.0,SB Jakati,New Wanderers Stadium,DJ Harper,RE Koertzen,
141,141,,,142,2009,14,5/3/2009,6,8,6,2,normal,0.0,8,0.0,6.0,DPMD Jayawardene,St George's Park,S Asnani,MR Benson,
142,142,,,143,2009,18,5/3/2009,2,5,2,2,normal,0.0,5,0.0,9.0,JH Kallis,New Wanderers Stadium,RE Koertzen,TH Wijewardene,
143,143,,,144,2009,17,5/4/2009,9,11,9,2,normal,0.0,9,78.0,0.0,MS Dhoni,Buffalo Park,BR Doctrove,M Erasmus,
144,144,,,145,2009,15,5/5/2009,10,8,8,1,normal,0.0,10,78.0,0.0,GC Smith,Kingsmead,SS Hazare,IL Howell,
145,145,,,146,2009,15,5/5/2009,6,7,6,2,normal,0.0,7,0.0,9.0,G Gambhir,Kingsmead,GAV Baxter,IL Howell,
146,146,,,147,2009,16,5/6/2009,11,2,11,2,normal,0.0,11,19.0,0.0,RG Sharma,SuperSport Park,MR Benson,HDPK Dharmasena,
147,147,,,148,2009,16,5/7/2009,5,10,10,1,normal,0.0,10,0.0,7.0,A Singh,SuperSport Park,K Hariharan,DJ Harper,
148,148,,,149,2009,16,5/7/2009,9,8,9,2,normal,1.0,9,12.0,0.0,ML Hayden,SuperSport Park,DJ Harper,TH Wijewardene,
149,149,,,150,2009,17,5/8/2009,2,7,2,2,normal,0.0,7,0.0,7.0,A Nehra,Buffalo Park,M Erasmus,SK Tarapore,
150,150,,,151,2009,19,5/9/2009,11,8,8,1,normal,0.0,8,0.0,3.0,DPMD Jayawardene,De Beers Diamond Oval,GAV Baxter,AM Saheba,
151,151,,,152,2009,19,5/9/2009,10,9,10,2,normal,0.0,9,0.0,7.0,S Badrinath,De Beers Diamond Oval,GAV Baxter,HDPK Dharmasena,
152,152,,,153,2009,14,5/10/2009,2,5,2,2,normal,0.0,2,16.0,0.0,JP Duminy,St George's Park,BR Doctrove,BG Jerling,
153,153,,,154,2009,18,5/10/2009,6,7,7,1,normal,0.0,7,0.0,7.0,A Mishra,New Wanderers Stadium,SL Shastri,RB Tiffin,
154,154,,,155,2009,19,5/11/2009,11,10,11,2,normal,0.0,11,53.0,0.0,DR Smith,De Beers Diamond Oval,GAV Baxter,HDPK Dharmasena,
155,155,,,156,2009,16,5/12/2009,6,5,5,1,normal,0.0,5,0.0,6.0,LRPL Taylor,SuperSport Park,M Erasmus,SS Hazare,
156,156,,,157,2009,16,5/12/2009,8,2,8,2,normal,0.0,2,0.0,8.0,Harbhajan Singh,SuperSport Park,SS Hazare,RE Koertzen,
157,157,,,158,2009,15,5/13/2009,7,11,11,1,normal,0.0,7,12.0,0.0,R Bhatia,Kingsmead,DJ Harper,SL Shastri,
158,158,,,159,2009,15,5/14/2009,9,5,9,2,normal,0.0,5,0.0,2.0,LRPL Taylor,Kingsmead,BR Doctrove,DJ Harper,
159,159,,,160,2009,15,5/14/2009,10,2,10,2,normal,0.0,10,2.0,0.0,SK Warne,Kingsmead,BR Doctrove,DJ Harper,
160,160,,,161,2009,20,5/15/2009,7,8,8,1,normal,0.0,8,0.0,6.0,B Lee,OUTsurance Oval,HDPK Dharmasena,IL Howell,
161,161,,,162,2009,14,5/16/2009,2,9,2,2,normal,0.0,9,0.0,7.0,ML Hayden,St George's Park,SK Tarapore,SJA Taufel,
162,162,,,163,2009,18,5/16/2009,6,11,11,1,normal,0.0,11,0.0,6.0,RG Sharma,New Wanderers Stadium,RE Koertzen,S Ravi,
163,163,,,164,2009,18,5/17/2009,8,11,11,1,normal,0.0,8,1.0,0.0,Yuvraj Singh,New Wanderers Stadium,S Ravi,RB Tiffin,
164,164,,,165,2009,20,5/17/2009,7,10,7,2,normal,0.0,7,14.0,0.0,AB de Villiers,OUTsurance Oval,SS Hazare,IL Howell,
165,165,,,166,2009,16,5/18/2009,9,6,9,2,normal,0.0,6,0.0,7.0,BJ Hodge,SuperSport Park,SJA Taufel,RB Tiffin,
166,166,,,167,2009,18,5/19/2009,7,5,7,2,normal,0.0,5,0.0,7.0,JH Kallis,New Wanderers Stadium,IL Howell,RB Tiffin,
167,167,,,168,2009,15,5/20/2009,10,6,6,1,normal,0.0,6,0.0,4.0,LR Shukla,Kingsmead,BG Jerling,SJA Taufel,
168,168,,,169,2009,15,5/20/2009,9,8,9,2,normal,0.0,9,24.0,0.0,M Muralitharan,Kingsmead,BG Jerling,SJA Taufel,
169,169,,,170,2009,16,5/21/2009,2,7,7,1,normal,0.0,7,0.0,4.0,V Sehwag,SuperSport Park,IL Howell,S Ravi,
170,170,,,171,2009,16,5/21/2009,5,11,5,2,normal,0.0,5,12.0,0.0,MK Pandey,SuperSport Park,IL Howell,S Ravi,
171,171,,,172,2009,16,5/22/2009,7,11,11,1,normal,0.0,11,0.0,6.0,AC Gilchrist,SuperSport Park,BR Doctrove,DJ Harper,
172,172,,,173,2009,18,5/23/2009,9,5,5,1,normal,0.0,5,0.0,6.0,MK Pandey,New Wanderers Stadium,RE Koertzen,SJA Taufel,
173,173,,,174,2009,18,5/24/2009,11,5,5,1,normal,0.0,11,6.0,0.0,A Kumble,New Wanderers Stadium,RE Koertzen,SJA Taufel,
174,174,,,175,2010,6,3/12/2010,6,11,11,1,normal,0.0,6,11.0,0.0,AD Mathews,Dr DY Patil Sports Academy,RE Koertzen,RB Tiffin,
175,175,,,176,2010,6,3/13/2010,2,10,2,2,normal,0.0,2,4.0,0.0,YK Pathan,Brabourne Stadium,RE Koertzen,RB Tiffin,
176,176,,,177,2010,9,3/13/2010,8,7,7,1,normal,0.0,7,0.0,5.0,G Gambhir,"Punjab Cricket Association Stadium, Mohali",BR Doctrove,S Ravi,
177,177,,,178,2010,7,3/14/2010,5,6,6,1,normal,0.0,6,0.0,7.0,MK Tiwary,Eden Gardens,HDPK Dharmasena,AM Saheba,
178,178,,,179,2010,12,3/14/2010,11,9,11,2,normal,0.0,11,31.0,0.0,WPUJC Vaas,"MA Chidambaram Stadium, Chepauk",K Hariharan,DJ Harper,
179,179,,,180,2010,21,3/15/2010,10,7,7,1,normal,0.0,7,0.0,6.0,V Sehwag,"Sardar Patel Stadium, Motera",BG Jerling,RE Koertzen,
180,180,,,181,2010,5,3/16/2010,8,5,8,2,normal,0.0,5,0.0,8.0,JH Kallis,M Chinnaswamy Stadium,S Das,DJ Harper,
181,181,,,182,2010,7,3/16/2010,9,6,9,2,normal,0.0,9,55.0,0.0,MS Dhoni,Eden Gardens,HDPK Dharmasena,AM Saheba,
182,182,,,183,2010,8,3/17/2010,2,7,7,1,normal,0.0,2,98.0,0.0,SR Tendulkar,Feroz Shah Kotla,BR Doctrove,SK Tarapore,
183,183,,,184,2010,5,3/18/2010,10,5,5,1,normal,0.0,5,0.0,10.0,JH Kallis,M Chinnaswamy Stadium,K Hariharan,DJ Harper,
184,184,,,185,2010,8,3/19/2010,7,9,7,2,normal,0.0,9,0.0,5.0,ML Hayden,Feroz Shah Kotla,BR Doctrove,SK Tarapore,
185,185,,,186,2010,22,3/19/2010,11,8,8,1,normal,0.0,11,6.0,0.0,A Symonds,Barabati Stadium,BF Bowden,M Erasmus,
186,186,,,187,2010,21,3/20/2010,10,6,10,2,normal,0.0,10,34.0,0.0,AA Jhunjhunwala,"Sardar Patel Stadium, Motera",RE Koertzen,RB Tiffin,
187,187,,,188,2010,6,3/20/2010,2,5,2,2,normal,0.0,5,0.0,7.0,JH Kallis,Brabourne Stadium,HDPK Dharmasena,SS Hazare,
188,188,,,189,2010,22,3/21/2010,11,7,11,2,normal,0.0,11,10.0,0.0,A Symonds,Barabati Stadium,BF Bowden,M Erasmus,
189,189,,,190,2010,12,3/21/2010,8,9,9,1,tie,0.0,8,0.0,0.0,J Theron,"MA Chidambaram Stadium, Chepauk",K Hariharan,DJ Harper,
190,190,,,191,2010,6,3/22/2010,6,2,6,2,normal,0.0,2,0.0,7.0,SR Tendulkar,Brabourne Stadium,SS Hazare,SJA Taufel,
191,191,,,192,2010,5,3/23/2010,5,9,9,1,normal,0.0,5,36.0,0.0,RV Uthappa,M Chinnaswamy Stadium,RE Koertzen,RB Tiffin,
192,192,,,193,2010,9,3/24/2010,10,8,8,1,normal,0.0,10,31.0,0.0,AC Voges,"Punjab Cricket Association Stadium, Mohali",BR Doctrove,SK Tarapore,
193,193,,,194,2010,6,3/25/2010,9,2,2,1,normal,0.0,2,0.0,5.0,SR Tendulkar,Brabourne Stadium,BF Bowden,AM Saheba,
194,194,,,195,2010,21,3/26/2010,11,10,11,2,normal,0.0,10,0.0,8.0,YK Pathan,"Sardar Patel Stadium, Motera",HDPK Dharmasena,SJA Taufel,
195,195,,,196,2010,9,3/27/2010,6,8,6,2,normal,0.0,6,39.0,0.0,MK Tiwary,"Punjab Cricket Association Stadium, Mohali",BR Doctrove,S Ravi,
196,196,,,197,2010,5,3/25/2010,7,5,5,1,normal,0.0,7,17.0,0.0,KM Jadhav,M Chinnaswamy Stadium,BG Jerling,RE Koertzen,
197,197,,,198,2010,21,3/28/2010,10,9,10,2,normal,0.0,10,17.0,0.0,NV Ojha,"Sardar Patel Stadium, Motera",SS Hazare,SJA Taufel,
198,198,,,199,2010,6,3/28/2010,2,11,11,1,normal,0.0,2,41.0,0.0,Harbhajan Singh,Dr DY Patil Sports Academy,S Das,K Hariharan,
199,199,,,200,2010,8,3/29/2010,7,6,7,2,normal,0.0,7,40.0,0.0,DA Warner,Feroz Shah Kotla,SS Hazare,SJA Taufel,
200,200,,,201,2010,6,3/30/2010,8,2,2,1,normal,0.0,2,0.0,4.0,SL Malinga,Brabourne Stadium,BR Doctrove,SK Tarapore,
201,201,,,202,2010,12,3/31/2010,5,9,5,2,normal,0.0,9,0.0,5.0,M Vijay,"MA Chidambaram Stadium, Chepauk",BG Jerling,RE Koertzen,
202,202,,,203,2010,8,3/31/2010,7,10,7,2,normal,0.0,7,67.0,0.0,KD Karthik,Feroz Shah Kotla,HDPK Dharmasena,SJA Taufel,
203,203,,,204,2010,7,4/1/2010,6,11,6,2,normal,0.0,6,24.0,0.0,SC Ganguly,Eden Gardens,K Hariharan,DJ Harper,
204,204,,,205,2010,9,4/2/2010,8,5,8,2,normal,0.0,5,0.0,6.0,KP Pietersen,"Punjab Cricket Association Stadium, Mohali",BF Bowden,M Erasmus,
205,205,,,206,2010,12,4/3/2010,9,10,9,2,normal,0.0,9,23.0,0.0,M Vijay,"MA Chidambaram Stadium, Chepauk",RE Koertzen,RB Tiffin,
206,206,,,207,2010,6,4/3/2010,2,11,2,2,normal,0.0,2,63.0,0.0,AT Rayudu,Brabourne Stadium,BR Doctrove,S Ravi,
207,207,,,208,2010,7,4/4/2010,6,8,6,2,normal,0.0,8,0.0,8.0,DPMD Jayawardene,Eden Gardens,S Asnani,DJ Harper,
208,208,,,209,2010,8,4/4/2010,7,5,7,2,normal,0.0,7,37.0,0.0,PD Collingwood,Feroz Shah Kotla,BF Bowden,M Erasmus,
209,209,,,210,2010,23,4/5/2010,10,11,10,2,normal,0.0,10,2.0,0.0,SK Warne,"Vidarbha Cricket Association Stadium, Jamtha",HDPK Dharmasena,SJA Taufel,
210,210,,,211,2010,12,4/6/2010,9,2,9,2,normal,0.0,9,24.0,0.0,SK Raina,"MA Chidambaram Stadium, Chepauk",S Asnani,DJ Harper,
211,211,,,212,2010,11,4/7/2010,8,10,8,2,normal,0.0,10,0.0,9.0,MJ Lumb,Sawai Mansingh Stadium,S Ravi,SK Tarapore,
212,212,,,213,2010,7,4/7/2010,6,7,6,2,normal,0.0,6,14.0,0.0,SC Ganguly,Eden Gardens,BG Jerling,RE Koertzen,
213,213,,,214,2010,5,4/8/2010,5,11,11,1,normal,0.0,11,0.0,7.0,TL Suman,M Chinnaswamy Stadium,S Asnani,DJ Harper,
214,214,,,215,2010,9,4/9/2010,2,8,2,2,normal,0.0,8,0.0,6.0,KC Sangakkara,"Punjab Cricket Association Stadium, Mohali",M Erasmus,AM Saheba,
215,215,,,216,2010,23,4/10/2010,9,11,9,2,normal,0.0,11,0.0,6.0,RJ Harris,"Vidarbha Cricket Association Stadium, Jamtha",HDPK Dharmasena,SJA Taufel,
216,216,,,217,2010,5,4/10/2010,6,5,5,1,normal,0.0,5,0.0,7.0,R Vinay Kumar,M Chinnaswamy Stadium,K Hariharan,DJ Harper,
217,217,,,218,2010,8,4/11/2010,7,8,7,2,normal,0.0,8,0.0,7.0,PP Chawla,Feroz Shah Kotla,BF Bowden,AM Saheba,
218,218,,,219,2010,11,4/11/2010,2,10,10,1,normal,0.0,2,37.0,0.0,SR Tendulkar,Sawai Mansingh Stadium,BR Doctrove,SK Tarapore,
219,219,,,220,2010,23,4/12/2010,11,5,5,1,normal,0.0,11,13.0,0.0,Harmeet Singh,"Vidarbha Cricket Association Stadium, Jamtha",RE Koertzen,RB Tiffin,
220,220,,,221,2010,6,4/13/2010,2,7,2,2,normal,0.0,2,39.0,0.0,KA Pollard,Brabourne Stadium,S Asnani,DJ Harper,
221,221,,,222,2010,12,4/13/2010,6,9,6,2,normal,0.0,9,0.0,9.0,R Ashwin,"MA Chidambaram Stadium, Chepauk",SS Hazare,SJA Taufel,
222,222,,,223,2010,11,4/14/2010,10,5,10,2,normal,0.0,5,0.0,5.0,KP Pietersen,Sawai Mansingh Stadium,BR Doctrove,S Ravi,
223,223,,,224,2010,12,4/15/2010,9,7,9,2,normal,0.0,7,0.0,6.0,G Gambhir,"MA Chidambaram Stadium, Chepauk",HDPK Dharmasena,SS Hazare,
224,224,,,225,2010,24,4/16/2010,8,11,11,1,normal,0.0,11,0.0,5.0,RG Sharma,Himachal Pradesh Cricket Association Stadium,M Erasmus,AM Saheba,
225,225,,,226,2010,5,4/17/2010,2,5,5,1,normal,0.0,2,57.0,0.0,R McLaren,M Chinnaswamy Stadium,HDPK Dharmasena,SJA Taufel,
226,226,,,227,2010,7,4/17/2010,10,6,10,2,normal,0.0,6,0.0,8.0,JD Unadkat,Eden Gardens,BG Jerling,RB Tiffin,
227,227,,,228,2010,24,4/18/2010,8,9,9,1,normal,0.0,9,0.0,6.0,MS Dhoni,Himachal Pradesh Cricket Association Stadium,BF Bowden,AM Saheba,
228,228,,,229,2010,8,4/18/2010,11,7,11,2,normal,0.0,11,11.0,0.0,A Symonds,Feroz Shah Kotla,BR Doctrove,SK Tarapore,
229,229,,,230,2010,7,4/19/2010,2,6,2,2,normal,0.0,6,0.0,9.0,M Kartik,Eden Gardens,BG Jerling,RE Koertzen,
230,230,,,231,2010,6,4/21/2010,2,5,2,2,normal,0.0,2,35.0,0.0,KA Pollard,Dr DY Patil Sports Academy,BR Doctrove,RB Tiffin,
231,231,,,232,2010,6,4/22/2010,9,11,9,2,normal,0.0,9,38.0,0.0,DE Bollinger,Dr DY Patil Sports Academy,BR Doctrove,RB Tiffin,
232,232,,,233,2010,6,4/24/2010,11,5,11,2,normal,0.0,5,0.0,9.0,A Kumble,Dr DY Patil Sports Academy,RE Koertzen,SJA Taufel,
233,233,,,234,2010,6,4/25/2010,9,2,9,2,normal,0.0,9,22.0,0.0,SK Raina,Dr DY Patil Sports Academy,RE Koertzen,SJA Taufel,
234,234,,,235,2011,12,4/8/2011,9,6,9,2,normal,0.0,9,2.0,0.0,S Anirudha,"MA Chidambaram Stadium, Chepauk",BR Doctrove,PR Reiffel,
235,235,,,236,2011,1,4/9/2011,11,10,10,1,normal,0.0,10,0.0,8.0,SK Trivedi,"Rajiv Gandhi International Stadium, Uppal",RE Koertzen,SK Tarapore,
236,236,,,237,2011,25,4/9/2011,12,5,12,2,normal,0.0,5,0.0,6.0,AB de Villiers,Nehru Stadium,HDPK Dharmasena,K Hariharan,
237,237,,,238,2011,8,4/10/2011,7,2,7,2,normal,0.0,2,0.0,8.0,SL Malinga,Feroz Shah Kotla,AM Saheba,RB Tiffin,
238,238,,,239,2011,6,4/10/2011,8,13,8,2,normal,0.0,13,0.0,7.0,SB Wagh,Dr DY Patil Sports Academy,BR Doctrove,PR Reiffel,
239,239,,,240,2011,7,4/11/2011,6,11,6,2,normal,0.0,6,9.0,0.0,JH Kallis,Eden Gardens,RE Koertzen,SK Tarapore,
240,240,,,241,2011,11,4/12/2011,7,10,7,2,normal,0.0,10,0.0,6.0,SK Warne,Sawai Mansingh Stadium,Aleem Dar,RB Tiffin,
241,241,,,242,2011,5,4/12/2011,5,2,2,1,normal,0.0,2,0.0,9.0,SR Tendulkar,M Chinnaswamy Stadium,HDPK Dharmasena,AL Hill,
242,242,,,243,2011,9,4/13/2011,9,8,8,1,normal,0.0,8,0.0,6.0,PC Valthaty,"Punjab Cricket Association Stadium, Mohali",Asad Rauf,SL Shastri,
243,243,,,244,2011,6,4/13/2011,12,13,12,2,normal,0.0,13,0.0,4.0,MD Mishra,Dr DY Patil Sports Academy,S Asnani,PR Reiffel,
244,244,,,245,2011,1,4/14/2011,11,5,5,1,normal,0.0,11,33.0,0.0,DW Steyn,"Rajiv Gandhi International Stadium, Uppal",RE Koertzen,S Ravi,
245,245,,,246,2011,11,4/15/2011,10,6,6,1,normal,0.0,6,0.0,9.0,G Gambhir,Sawai Mansingh Stadium,Aleem Dar,SS Hazare,
246,246,,,247,2011,6,4/15/2011,2,12,12,1,normal,0.0,12,0.0,8.0,BB McCullum,Wankhede Stadium,BR Doctrove,PR Reiffel,
247,247,,,248,2011,12,4/16/2011,9,5,9,2,normal,0.0,9,21.0,0.0,MEK Hussey,"MA Chidambaram Stadium, Chepauk",HDPK Dharmasena,AL Hill,
248,248,,,249,2011,1,4/16/2011,11,8,8,1,normal,0.0,8,0.0,8.0,PC Valthaty,"Rajiv Gandhi International Stadium, Uppal",RE Koertzen,S Ravi,
249,249,,,250,2011,6,4/17/2011,13,7,7,1,normal,0.0,7,0.0,3.0,Yuvraj Singh,Dr DY Patil Sports Academy,Asad Rauf,AM Saheba,
250,250,,,251,2011,7,4/17/2011,10,6,6,1,normal,0.0,6,0.0,8.0,L Balaji,Eden Gardens,Aleem Dar,RB Tiffin,
251,251,,,252,2011,25,4/18/2011,9,12,12,1,normal,1.0,12,0.0,7.0,BB McCullum,Nehru Stadium,K Hariharan,AL Hill,
252,252,,,253,2011,8,4/19/2011,11,7,11,2,normal,0.0,11,16.0,0.0,S Sohal,Feroz Shah Kotla,PR Reiffel,RJ Tucker,
253,253,,,254,2011,6,4/20/2011,13,2,13,2,normal,0.0,2,0.0,7.0,MM Patel,Wankhede Stadium,Asad Rauf,AM Saheba,
254,254,,,255,2011,7,4/20/2011,12,6,6,1,normal,0.0,12,6.0,0.0,DPMD Jayawardene,Eden Gardens,Aleem Dar,RB Tiffin,
255,255,,,256,2011,9,4/21/2011,8,10,10,1,normal,0.0,8,48.0,0.0,SE Marsh,"Punjab Cricket Association Stadium, Mohali",S Asnani,PR Reiffel,
256,256,,,257,2011,6,4/22/2011,2,9,9,1,normal,0.0,2,8.0,0.0,Harbhajan Singh,Wankhede Stadium,Asad Rauf,AM Saheba,
257,257,,,258,2011,7,4/22/2011,6,5,5,1,normal,0.0,5,0.0,9.0,CH Gayle,Eden Gardens,SS Hazare,RB Tiffin,
258,258,,,259,2011,8,4/23/2011,7,8,8,1,normal,0.0,7,29.0,0.0,DA Warner,Feroz Shah Kotla,S Asnani,RE Koertzen,
259,259,,,260,2011,1,4/24/2011,2,11,11,1,normal,0.0,2,37.0,0.0,SL Malinga,"Rajiv Gandhi International Stadium, Uppal",HDPK Dharmasena,AL Hill,
260,260,,,261,2011,11,4/24/2011,12,10,10,1,normal,0.0,10,0.0,8.0,SK Warne,Sawai Mansingh Stadium,BR Doctrove,SK Tarapore,
261,261,,,262,2011,12,4/25/2011,9,13,13,1,normal,0.0,9,25.0,0.0,MEK Hussey,"MA Chidambaram Stadium, Chepauk",Aleem Dar,RB Tiffin,
262,262,,,263,2011,8,4/26/2011,7,5,5,1,normal,0.0,5,0.0,3.0,V Kohli,Feroz Shah Kotla,S Asnani,RJ Tucker,
263,263,,,264,2011,6,4/27/2011,13,9,13,2,normal,0.0,9,0.0,8.0,DE Bollinger,Dr DY Patil Sports Academy,Asad Rauf,SL Shastri,
264,264,,,265,2011,25,4/27/2011,11,12,12,1,normal,0.0,11,55.0,0.0,I Sharma,Nehru Stadium,HDPK Dharmasena,AL Hill,
265,265,,,266,2011,8,4/28/2011,6,7,7,1,normal,0.0,6,17.0,0.0,MK Tiwary,Feroz Shah Kotla,PR Reiffel,RJ Tucker,
266,266,,,267,2011,11,4/29/2011,2,10,10,1,normal,0.0,10,0.0,7.0,J Botha,Sawai Mansingh Stadium,Asad Rauf,SK Tarapore,
267,267,,,268,2011,5,4/29/2011,5,13,13,1,normal,0.0,5,26.0,0.0,V Kohli,M Chinnaswamy Stadium,Aleem Dar,SS Hazare,
268,268,,,269,2011,25,4/30/2011,7,12,7,2,normal,0.0,7,38.0,0.0,V Sehwag,Nehru Stadium,HDPK Dharmasena,AL Hill,
269,269,,,270,2011,7,4/30/2011,8,6,6,1,normal,0.0,6,0.0,8.0,Iqbal Abdulla,Eden Gardens,AM Saheba,SL Shastri,
270,270,,,271,2011,11,5/1/2011,13,10,10,1,normal,0.0,10,0.0,6.0,LRPL Taylor,Sawai Mansingh Stadium,SK Tarapore,SJA Taufel,
271,271,,,272,2011,12,5/1/2011,9,11,9,2,normal,0.0,9,19.0,0.0,JA Morkel,"MA Chidambaram Stadium, Chepauk",Aleem Dar,RB Tiffin,
272,272,,,273,2011,6,5/2/2011,2,8,8,1,normal,0.0,2,23.0,0.0,KA Pollard,Wankhede Stadium,HDPK Dharmasena,PR Reiffel,
273,273,,,274,2011,8,5/2/2011,7,12,12,1,normal,0.0,12,0.0,7.0,P Parameswaran,Feroz Shah Kotla,Asad Rauf,SL Shastri,
274,274,,,275,2011,1,5/3/2011,6,11,11,1,normal,0.0,6,20.0,0.0,YK Pathan,"Rajiv Gandhi International Stadium, Uppal",S Asnani,RJ Tucker,
275,275,,,276,2011,12,5/4/2011,10,9,10,2,normal,0.0,9,0.0,8.0,MEK Hussey,"MA Chidambaram Stadium, Chepauk",SS Hazare,RB Tiffin,
276,276,,,277,2011,6,5/4/2011,2,13,13,1,normal,0.0,2,21.0,0.0,R Sharma,Dr DY Patil Sports Academy,HDPK Dharmasena,SJA Taufel,
277,277,,,278,2011,25,5/5/2011,12,6,6,1,normal,0.0,12,17.0,0.0,BJ Hodge,Nehru Stadium,S Ravi,RJ Tucker,
278,278,,,279,2011,1,5/5/2011,11,7,7,1,normal,0.0,7,0.0,4.0,V Sehwag,"Rajiv Gandhi International Stadium, Uppal",Asad Rauf,AM Saheba,
279,279,,,280,2011,5,5/6/2011,5,8,8,1,normal,0.0,5,85.0,0.0,CH Gayle,M Chinnaswamy Stadium,Aleem Dar,RB Tiffin,
280,280,,,281,2011,7,5/7/2011,9,6,9,2,normal,1.0,6,10.0,0.0,Iqbal Abdulla,Eden Gardens,Asad Rauf,PR Reiffel,
281,281,,,282,2011,6,5/7/2011,2,7,7,1,normal,0.0,2,32.0,0.0,AT Rayudu,Wankhede Stadium,K Hariharan,SJA Taufel,
282,282,,,283,2011,5,5/8/2011,12,5,12,2,normal,0.0,5,0.0,9.0,CH Gayle,M Chinnaswamy Stadium,Aleem Dar,SS Hazare,
283,283,,,284,2011,9,5/8/2011,8,13,8,2,normal,0.0,13,0.0,5.0,R Sharma,"Punjab Cricket Association Stadium, Mohali",SK Tarapore,RJ Tucker,
284,284,,,285,2011,11,5/9/2011,9,10,10,1,normal,0.0,9,63.0,0.0,M Vijay,Sawai Mansingh Stadium,K Hariharan,SJA Taufel,
285,285,,,286,2011,1,5/10/2011,11,13,11,2,normal,0.0,13,0.0,6.0,MR Marsh,"Rajiv Gandhi International Stadium, Uppal",Asad Rauf,AM Saheba,
286,286,,,287,2011,9,5/10/2011,8,2,2,1,normal,0.0,8,76.0,0.0,BA Bhatt,"Punjab Cricket Association Stadium, Mohali",SK Tarapore,RJ Tucker,
287,287,,,288,2011,11,5/11/2011,10,5,5,1,normal,0.0,5,0.0,9.0,S Aravind,Sawai Mansingh Stadium,HDPK Dharmasena,K Hariharan,
288,288,,,289,2011,12,5/12/2011,9,7,9,2,normal,0.0,9,18.0,0.0,MS Dhoni,"MA Chidambaram Stadium, Chepauk",AM Saheba,SL Shastri,
289,289,,,290,2011,4,5/13/2011,12,8,8,1,normal,0.0,8,0.0,6.0,KD Karthik,Holkar Cricket Stadium,S Asnani,RJ Tucker,
290,290,,,291,2011,5,5/14/2011,6,5,5,1,normal,1.0,5,0.0,4.0,CH Gayle,M Chinnaswamy Stadium,RE Koertzen,RB Tiffin,
291,291,,,292,2011,6,5/14/2011,11,2,11,2,normal,0.0,11,10.0,0.0,A Mishra,Wankhede Stadium,S Ravi,SK Tarapore,
292,292,,,293,2011,24,5/15/2011,8,7,7,1,normal,0.0,8,29.0,0.0,PP Chawla,Himachal Pradesh Cricket Association Stadium,Asad Rauf,SL Shastri,
293,293,,,294,2011,4,5/15/2011,10,12,12,1,normal,0.0,12,0.0,8.0,BJ Hodge,Holkar Cricket Stadium,PR Reiffel,RJ Tucker,
294,294,,,295,2011,6,5/16/2011,13,11,11,1,normal,0.0,11,0.0,6.0,A Mishra,Dr DY Patil Sports Academy,S Ravi,SK Tarapore,
295,295,,,296,2011,24,5/17/2011,8,5,8,2,normal,0.0,8,111.0,0.0,AC Gilchrist,Himachal Pradesh Cricket Association Stadium,Asad Rauf,AM Saheba,
296,296,,,297,2011,12,5/18/2011,9,12,9,2,normal,0.0,9,11.0,0.0,WP Saha,"MA Chidambaram Stadium, Chepauk",HDPK Dharmasena,RE Koertzen,
297,297,,,298,2011,6,5/19/2011,13,6,6,1,normal,0.0,6,0.0,7.0,YK Pathan,Dr DY Patil Sports Academy,S Ravi,SJA Taufel,
298,298,,,299,2011,6,5/20/2011,2,10,2,2,normal,0.0,10,0.0,10.0,SR Watson,Wankhede Stadium,RE Koertzen,PR Reiffel,
299,299,,,300,2011,24,5/21/2011,11,8,8,1,normal,0.0,11,82.0,0.0,S Dhawan,Himachal Pradesh Cricket Association Stadium,Asad Rauf,AM Saheba,
300,300,,,301,2011,8,5/21/2011,7,13,7,2,no result,0.0,no result,0.0,0.0,,Feroz Shah Kotla,SS Hazare,RJ Tucker,
301,301,,,302,2011,5,5/22/2011,9,5,5,1,normal,0.0,5,0.0,8.0,CH Gayle,M Chinnaswamy Stadium,K Hariharan,RE Koertzen,
302,302,,,303,2011,7,5/22/2011,6,2,2,1,normal,0.0,2,0.0,5.0,JEC Franklin,Eden Gardens,SK Tarapore,SJA Taufel,
303,303,,,304,2011,6,5/24/2011,5,9,9,1,normal,0.0,9,0.0,6.0,SK Raina,Wankhede Stadium,Asad Rauf,SJA Taufel,
304,304,,,305,2011,6,5/25/2011,6,2,2,1,normal,0.0,2,0.0,4.0,MM Patel,Wankhede Stadium,Asad Rauf,SJA Taufel,
305,305,,,306,2011,12,5/27/2011,5,2,2,1,normal,0.0,5,43.0,0.0,CH Gayle,"MA Chidambaram Stadium, Chepauk",Asad Rauf,SJA Taufel,
306,306,,,307,2011,12,5/28/2011,9,5,9,2,normal,0.0,9,58.0,0.0,M Vijay,"MA Chidambaram Stadium, Chepauk",Asad Rauf,SJA Taufel,
307,307,,,308,2012,12,4/4/2012,9,2,2,1,normal,0.0,2,0.0,8.0,RE Levi,"MA Chidambaram Stadium, Chepauk",JD Cloete,SJA Taufel,
308,308,,,309,2012,7,4/5/2012,6,7,7,1,normal,0.0,7,0.0,8.0,IK Pathan,Eden Gardens,S Asnani,HDPK Dharmasena,
309,309,,,310,2012,6,4/6/2012,13,2,2,1,normal,0.0,13,28.0,0.0,SPD Smith,Wankhede Stadium,AK Chaudhary,SJA Taufel,
310,310,,,311,2012,11,4/6/2012,10,8,8,1,normal,0.0,10,31.0,0.0,AM Rahane,Sawai Mansingh Stadium,BF Bowden,SK Tarapore,
311,311,,,312,2012,5,4/7/2012,5,7,7,1,normal,0.0,5,20.0,0.0,AB de Villiers,M Chinnaswamy Stadium,S Asnani,S Ravi,
312,312,,,313,2012,26,4/7/2012,9,11,11,1,normal,0.0,9,74.0,0.0,RA Jadeja,Dr. Y.S. Rajasekhara Reddy ACA-VDCA Cricket Stadium,JD Cloete,HDPK Dharmasena,
313,313,,,314,2012,11,4/8/2012,10,6,6,1,normal,0.0,10,22.0,0.0,BJ Hodge,Sawai Mansingh Stadium,BF Bowden,VA Kulkarni,
314,314,,,315,2012,2,4/8/2012,13,8,13,2,normal,0.0,13,22.0,0.0,MN Samuels,Subrata Roy Sahara Stadium,S Das,SJA Taufel,
315,315,,,316,2012,26,4/9/2012,11,2,11,2,normal,0.0,2,0.0,5.0,RG Sharma,Dr. Y.S. Rajasekhara Reddy ACA-VDCA Cricket Stadium,AK Chaudhary,JD Cloete,
316,316,,,317,2012,5,4/10/2012,6,5,5,1,normal,0.0,6,42.0,0.0,L Balaji,M Chinnaswamy Stadium,S Ravi,RJ Tucker,
317,317,,,318,2012,8,4/10/2012,9,7,7,1,normal,0.0,7,0.0,8.0,M Morkel,Feroz Shah Kotla,Asad Rauf,SK Tarapore,
318,318,,,319,2012,6,4/11/2012,2,10,10,1,normal,0.0,2,27.0,0.0,KA Pollard,Wankhede Stadium,Aleem Dar,BNJ Oxenford,
319,319,,,320,2012,12,4/12/2012,5,9,5,2,normal,0.0,9,0.0,5.0,F du Plessis,"MA Chidambaram Stadium, Chepauk",HDPK Dharmasena,RJ Tucker,
320,320,,,321,2012,9,4/12/2012,13,8,8,1,normal,0.0,8,0.0,7.0,AD Mascarenhas,"Punjab Cricket Association Stadium, Mohali",VA Kulkarni,SK Tarapore,
321,321,,,322,2012,7,4/13/2012,10,6,10,2,normal,0.0,6,0.0,5.0,Shakib Al Hasan,Eden Gardens,Asad Rauf,S Asnani,
322,322,,,323,2012,8,4/19/2012,11,7,11,2,normal,0.0,7,0.0,5.0,KP Pietersen,Feroz Shah Kotla,BF Bowden,SK Tarapore,
323,323,,,324,2012,2,4/14/2012,9,13,9,2,normal,0.0,13,0.0,7.0,JD Ryder,Subrata Roy Sahara Stadium,Aleem Dar,BNJ Oxenford,
324,324,,,325,2012,7,4/15/2012,8,6,6,1,normal,0.0,8,2.0,0.0,SP Narine,Eden Gardens,Asad Rauf,S Asnani,
325,325,,,326,2012,5,4/15/2012,10,5,10,2,normal,0.0,10,59.0,0.0,AM Rahane,M Chinnaswamy Stadium,JD Cloete,RJ Tucker,
326,326,,,327,2012,6,4/16/2012,2,7,7,1,normal,0.0,7,0.0,7.0,S Nadeem,Wankhede Stadium,BF Bowden,SK Tarapore,
327,327,,,328,2012,11,4/17/2012,11,10,11,2,normal,0.0,10,0.0,5.0,BJ Hodge,Sawai Mansingh Stadium,Aleem Dar,BNJ Oxenford,
328,328,,,329,2012,5,4/17/2012,13,5,13,2,normal,0.0,5,0.0,6.0,CH Gayle,M Chinnaswamy Stadium,S Asnani,S Das,
329,329,,,330,2012,9,4/18/2012,8,6,8,2,normal,0.0,6,0.0,8.0,G Gambhir,"Punjab Cricket Association Stadium, Mohali",JD Cloete,RJ Tucker,
330,330,,,331,2012,1,5/10/2012,11,7,11,2,normal,0.0,7,0.0,9.0,DA Warner,"Rajiv Gandhi International Stadium, Uppal",JD Cloete,SJA Taufel,
331,331,,,332,2012,12,4/19/2012,9,13,13,1,normal,0.0,9,13.0,0.0,KMDN Kulasekara,"MA Chidambaram Stadium, Chepauk",Asad Rauf,S Das,
332,332,,,333,2012,9,4/20/2012,8,5,5,1,normal,0.0,5,0.0,5.0,CH Gayle,"Punjab Cricket Association Stadium, Mohali",S Ravi,RJ Tucker,
333,333,,,334,2012,12,4/21/2012,10,9,10,2,normal,0.0,9,0.0,7.0,F du Plessis,"MA Chidambaram Stadium, Chepauk",Aleem Dar,BNJ Oxenford,
334,334,,,335,2012,8,4/21/2012,13,7,7,1,normal,0.0,13,20.0,0.0,SC Ganguly,Feroz Shah Kotla,Asad Rauf,S Das,
335,335,,,336,2012,6,4/22/2012,2,8,2,2,normal,0.0,8,0.0,6.0,SE Marsh,Wankhede Stadium,S Ravi,RJ Tucker,
336,336,,,337,2012,22,4/22/2012,11,6,6,1,normal,0.0,6,0.0,5.0,B Lee,Barabati Stadium,BF Bowden,SK Tarapore,
337,337,,,338,2012,11,4/23/2012,5,10,10,1,normal,0.0,5,46.0,0.0,AB de Villiers,Sawai Mansingh Stadium,Asad Rauf,S Asnani,
338,338,,,339,2012,2,4/24/2012,13,7,13,2,normal,0.0,7,0.0,8.0,V Sehwag,Subrata Roy Sahara Stadium,S Ravi,RJ Tucker,
339,339,,,340,2012,9,4/25/2012,8,2,8,2,normal,0.0,2,0.0,4.0,AT Rayudu,"Punjab Cricket Association Stadium, Mohali",Aleem Dar,BNJ Oxenford,
340,340,,,341,2012,2,4/26/2012,11,13,11,2,normal,0.0,11,18.0,0.0,CL White,Subrata Roy Sahara Stadium,S Ravi,RJ Tucker,
341,341,,,342,2012,8,4/27/2012,7,2,2,1,normal,0.0,7,37.0,0.0,V Sehwag,Feroz Shah Kotla,Aleem Dar,BNJ Oxenford,
342,342,,,343,2012,12,4/28/2012,8,9,8,2,normal,0.0,8,7.0,0.0,Mandeep Singh,"MA Chidambaram Stadium, Chepauk",BF Bowden,SK Tarapore,
343,343,,,344,2012,7,4/28/2012,6,5,6,2,normal,0.0,6,47.0,0.0,G Gambhir,Eden Gardens,Asad Rauf,BR Doctrove,
344,344,,,345,2012,8,4/29/2012,7,10,7,2,normal,0.0,7,1.0,0.0,V Sehwag,Feroz Shah Kotla,S Ravi,RJ Tucker,
345,345,,,346,2012,6,4/29/2012,11,2,2,1,normal,0.0,2,0.0,5.0,DW Steyn,Wankhede Stadium,AK Chaudhary,BNJ Oxenford,
346,346,,,347,2012,12,4/30/2012,9,6,9,2,normal,0.0,6,0.0,5.0,G Gambhir,"MA Chidambaram Stadium, Chepauk",BF Bowden,C Shamshuddin,
347,347,,,348,2012,22,5/1/2012,11,13,11,2,normal,0.0,11,13.0,0.0,KC Sangakkara,Barabati Stadium,Aleem Dar,AK Chaudhary,
348,348,,,349,2012,11,5/1/2012,10,7,10,2,normal,0.0,7,0.0,6.0,P Negi,Sawai Mansingh Stadium,JD Cloete,SJA Taufel,
349,349,,,350,2012,5,5/2/2012,5,8,8,1,normal,0.0,8,0.0,4.0,Azhar Mahmood,M Chinnaswamy Stadium,BF Bowden,C Shamshuddin,
350,350,,,351,2012,2,5/3/2012,2,13,2,2,normal,0.0,2,1.0,0.0,SL Malinga,Subrata Roy Sahara Stadium,Asad Rauf,S Asnani,
351,351,,,352,2012,12,5/4/2012,9,11,9,2,normal,0.0,9,10.0,0.0,SK Raina,"MA Chidambaram Stadium, Chepauk",HDPK Dharmasena,BNJ Oxenford,
352,352,,,353,2012,7,5/5/2012,6,13,6,2,normal,0.0,6,7.0,0.0,SP Narine,Eden Gardens,BF Bowden,SK Tarapore,
353,353,,,354,2012,9,5/5/2012,10,8,10,2,normal,0.0,10,43.0,0.0,SR Watson,"Punjab Cricket Association Stadium, Mohali",JD Cloete,SJA Taufel,
354,354,,,355,2012,6,5/6/2012,9,2,2,1,normal,0.0,2,0.0,2.0,DR Smith,Wankhede Stadium,Asad Rauf,S Asnani,
355,355,,,356,2012,5,5/6/2012,11,5,5,1,normal,0.0,5,0.0,5.0,AB de Villiers,M Chinnaswamy Stadium,HDPK Dharmasena,BNJ Oxenford,
356,356,,,357,2012,8,5/7/2012,7,6,7,2,normal,0.0,6,0.0,6.0,JH Kallis,Feroz Shah Kotla,JD Cloete,S Ravi,
357,357,,,358,2012,2,5/8/2012,13,10,13,2,normal,0.0,10,0.0,7.0,SR Watson,Subrata Roy Sahara Stadium,Asad Rauf,BR Doctrove,
358,358,,,359,2012,1,5/8/2012,8,11,11,1,normal,0.0,8,25.0,0.0,Mandeep Singh,"Rajiv Gandhi International Stadium, Uppal",HDPK Dharmasena,BNJ Oxenford,
359,359,,,360,2012,6,5/9/2012,2,5,5,1,normal,0.0,5,0.0,9.0,CH Gayle,Wankhede Stadium,BF Bowden,VA Kulkarni,
360,360,,,361,2012,11,5/10/2012,10,9,9,1,normal,0.0,9,0.0,4.0,BW Hilfenhaus,Sawai Mansingh Stadium,BNJ Oxenford,C Shamshuddin,
361,361,,,362,2012,2,5/11/2012,5,13,13,1,normal,0.0,5,35.0,0.0,CH Gayle,Subrata Roy Sahara Stadium,BF Bowden,SK Tarapore,
362,362,,,363,2012,7,5/12/2012,2,6,2,2,normal,0.0,2,27.0,0.0,RG Sharma,Eden Gardens,S Ravi,SJA Taufel,
363,363,,,364,2012,12,5/12/2012,7,9,9,1,normal,0.0,9,0.0,9.0,BW Hilfenhaus,"MA Chidambaram Stadium, Chepauk",S Das,BR Doctrove,
364,364,,,365,2012,11,5/13/2012,10,13,10,2,normal,0.0,10,45.0,0.0,A Chandila,Sawai Mansingh Stadium,BF Bowden,SK Tarapore,
365,365,,,366,2012,9,5/13/2012,11,8,11,2,normal,0.0,8,0.0,4.0,DJ Hussey,"Punjab Cricket Association Stadium, Mohali",HDPK Dharmasena,BNJ Oxenford,
366,366,,,367,2012,5,5/14/2012,5,2,2,1,normal,0.0,2,0.0,5.0,AT Rayudu,M Chinnaswamy Stadium,S Das,BR Doctrove,
367,367,,,368,2012,7,5/14/2012,6,9,9,1,normal,0.0,9,0.0,5.0,MEK Hussey,Eden Gardens,JD Cloete,SJA Taufel,
368,368,,,369,2012,8,5/15/2012,8,7,8,2,normal,0.0,7,0.0,5.0,UT Yadav,Feroz Shah Kotla,HDPK Dharmasena,BNJ Oxenford,
369,369,,,370,2012,6,5/16/2012,6,2,2,1,normal,0.0,6,32.0,0.0,SP Narine,Wankhede Stadium,S Das,BR Doctrove,
370,370,,,371,2012,24,5/17/2012,9,8,8,1,normal,0.0,8,0.0,6.0,AC Gilchrist,Himachal Pradesh Cricket Association Stadium,VA Kulkarni,SK Tarapore,
371,371,,,372,2012,8,5/17/2012,5,7,7,1,normal,0.0,5,21.0,0.0,CH Gayle,Feroz Shah Kotla,HDPK Dharmasena,C Shamshuddin,
372,372,,,373,2012,1,5/18/2012,10,11,10,2,normal,0.0,11,0.0,5.0,DW Steyn,"Rajiv Gandhi International Stadium, Uppal",S Ravi,SJA Taufel,
373,373,,,374,2012,24,5/19/2012,8,7,7,1,normal,0.0,7,0.0,6.0,UT Yadav,Himachal Pradesh Cricket Association Stadium,BF Bowden,VA Kulkarni,
374,374,,,375,2012,2,5/19/2012,6,13,6,2,normal,0.0,6,34.0,0.0,Shakib Al Hasan,Subrata Roy Sahara Stadium,S Asnani,BR Doctrove,
375,375,,,376,2012,1,5/20/2012,11,5,5,1,normal,0.0,11,9.0,0.0,DW Steyn,"Rajiv Gandhi International Stadium, Uppal",S Ravi,SJA Taufel,
376,376,,,377,2012,11,5/20/2012,10,2,10,2,normal,0.0,2,0.0,10.0,DR Smith,Sawai Mansingh Stadium,HDPK Dharmasena,C Shamshuddin,
377,377,,,378,2012,2,5/22/2012,6,7,6,2,normal,0.0,6,18.0,0.0,YK Pathan,Subrata Roy Sahara Stadium,BR Doctrove,SJA Taufel,
378,378,,,379,2012,5,5/23/2012,9,2,2,1,normal,0.0,9,38.0,0.0,MS Dhoni,M Chinnaswamy Stadium,BF Bowden,HDPK Dharmasena,
379,379,,,380,2012,12,5/25/2012,9,7,7,1,normal,0.0,9,86.0,0.0,M Vijay,"MA Chidambaram Stadium, Chepauk",BR Doctrove,SJA Taufel,
380,380,,,381,2012,12,5/27/2012,9,6,9,2,normal,0.0,6,0.0,5.0,MS Bisla,"MA Chidambaram Stadium, Chepauk",BF Bowden,SJA Taufel,
381,381,,,382,2013,7,4/3/2013,7,6,6,1,normal,0.0,6,0.0,6.0,SP Narine,Eden Gardens,S Ravi,SJA Taufel,
382,382,,,383,2013,5,4/4/2013,5,2,2,1,normal,0.0,5,2.0,0.0,CH Gayle,M Chinnaswamy Stadium,VA Kulkarni,C Shamshuddin,
383,383,,,384,2013,1,4/5/2013,1,13,13,1,normal,0.0,1,22.0,0.0,A Mishra,"Rajiv Gandhi International Stadium, Uppal",S Ravi,SJA Taufel,
384,384,,,385,2013,8,4/6/2013,10,7,10,2,normal,0.0,10,5.0,0.0,R Dravid,Feroz Shah Kotla,S Das,C Shamshuddin,
385,385,,,386,2013,12,4/6/2013,2,9,2,2,normal,0.0,2,9.0,0.0,KA Pollard,"MA Chidambaram Stadium, Chepauk",M Erasmus,VA Kulkarni,
386,386,,,387,2013,2,4/7/2013,13,8,13,2,normal,0.0,8,0.0,8.0,M Vohra,Subrata Roy Sahara Stadium,S Asnani,SJA Taufel,
387,387,,,388,2013,1,4/7/2013,5,1,5,2,tie,0.0,1,0.0,0.0,GH Vihari,"Rajiv Gandhi International Stadium, Uppal",AK Chaudhary,S Ravi,
388,388,,,389,2013,11,4/8/2013,10,6,6,1,normal,0.0,10,19.0,0.0,SK Trivedi,Sawai Mansingh Stadium,Aleem Dar,S Das,
389,389,,,390,2013,6,4/9/2013,2,7,2,2,normal,0.0,2,44.0,0.0,KD Karthik,Wankhede Stadium,M Erasmus,VA Kulkarni,
390,390,,,391,2013,9,4/10/2013,8,9,9,1,normal,0.0,9,0.0,10.0,MEK Hussey,"Punjab Cricket Association Stadium, Mohali",Aleem Dar,C Shamshuddin,
391,391,,,392,2013,5,4/11/2013,6,5,5,1,normal,0.0,5,0.0,8.0,CH Gayle,M Chinnaswamy Stadium,Asad Rauf,AK Chaudhary,
392,392,,,393,2013,2,4/11/2013,10,13,10,2,normal,0.0,13,0.0,7.0,AJ Finch,Subrata Roy Sahara Stadium,M Erasmus,K Srinath,
393,393,,,394,2013,8,4/12/2013,7,1,7,2,normal,0.0,1,0.0,3.0,A Mishra,Feroz Shah Kotla,Aleem Dar,Subroto Das,
394,394,,,395,2013,6,4/13/2013,2,13,2,2,normal,0.0,2,41.0,0.0,RG Sharma,Wankhede Stadium,S Ravi,SJA Taufel,
395,395,,,396,2013,12,4/13/2013,5,9,9,1,normal,0.0,9,0.0,4.0,RA Jadeja,"MA Chidambaram Stadium, Chepauk",Asad Rauf,AK Chaudhary,
396,396,,,397,2013,7,4/14/2013,6,1,6,2,normal,0.0,6,48.0,0.0,G Gambhir,Eden Gardens,M Erasmus,VA Kulkarni,
397,397,,,398,2013,11,4/14/2013,8,10,10,1,normal,0.0,10,0.0,6.0,JP Faulkner,Sawai Mansingh Stadium,Aleem Dar,C Shamshuddin,
398,398,,,399,2013,12,4/15/2013,13,9,13,2,normal,0.0,13,24.0,0.0,SPD Smith,"MA Chidambaram Stadium, Chepauk",Asad Rauf,AK Chaudhary,
399,399,,,400,2013,9,4/16/2013,8,6,6,1,normal,0.0,8,4.0,0.0,MS Gony,"Punjab Cricket Association Stadium, Mohali",CK Nandan,SJA Taufel,
400,400,,,401,2013,5,4/16/2013,7,5,5,1,tie,0.0,5,0.0,0.0,V Kohli,M Chinnaswamy Stadium,M Erasmus,VA Kulkarni,
401,401,,,402,2013,2,4/17/2013,1,13,13,1,normal,0.0,1,11.0,0.0,A Mishra,Subrata Roy Sahara Stadium,Asad Rauf,AK Chaudhary,
402,402,,,403,2013,11,4/17/2013,10,2,10,2,normal,0.0,10,87.0,0.0,AM Rahane,Sawai Mansingh Stadium,Aleem Dar,C Shamshuddin,
403,403,,,404,2013,8,4/18/2013,9,7,9,2,normal,0.0,9,86.0,0.0,MEK Hussey,Feroz Shah Kotla,M Erasmus,VA Kulkarni,
404,404,,,405,2013,1,4/19/2013,8,1,8,2,normal,0.0,1,0.0,5.0,GH Vihari,"Rajiv Gandhi International Stadium, Uppal",HDPK Dharmasena,CK Nandan,
405,405,,,406,2013,7,4/20/2013,6,9,6,2,normal,0.0,9,0.0,4.0,RA Jadeja,Eden Gardens,Asad Rauf,AK Chaudhary,
406,406,,,407,2013,5,4/20/2013,10,5,5,1,normal,0.0,5,0.0,7.0,R Vinay Kumar,M Chinnaswamy Stadium,Aleem Dar,C Shamshuddin,
407,407,,,408,2013,8,4/21/2013,2,7,2,2,normal,0.0,7,0.0,9.0,V Sehwag,Feroz Shah Kotla,HDPK Dharmasena,S Ravi,
408,408,,,409,2013,9,4/21/2013,13,8,8,1,normal,0.0,8,0.0,7.0,DA Miller,"Punjab Cricket Association Stadium, Mohali",M Erasmus,K Srinath,
409,409,,,410,2013,12,4/22/2013,10,9,10,2,normal,0.0,9,0.0,5.0,MEK Hussey,"MA Chidambaram Stadium, Chepauk",S Asnani,AK Chaudhary,
410,410,,,411,2013,5,4/23/2013,5,13,13,1,normal,0.0,5,130.0,0.0,CH Gayle,M Chinnaswamy Stadium,Aleem Dar,C Shamshuddin,
411,411,,,412,2013,24,5/16/2013,8,7,7,1,normal,0.0,8,7.0,0.0,DA Miller,Himachal Pradesh Cricket Association Stadium,HDPK Dharmasena,S Ravi,
412,412,,,413,2013,7,4/24/2013,6,2,6,2,normal,0.0,2,0.0,5.0,DR Smith,Eden Gardens,HDPK Dharmasena,S Ravi,
413,413,,,414,2013,12,4/25/2013,1,9,1,2,normal,0.0,9,0.0,5.0,MS Dhoni,"MA Chidambaram Stadium, Chepauk",Aleem Dar,S Das,
414,414,,,415,2013,7,4/26/2013,8,6,8,2,normal,0.0,6,0.0,6.0,JH Kallis,Eden Gardens,CK Nandan,S Ravi,
415,415,,,416,2013,11,4/27/2013,1,10,1,2,normal,0.0,10,0.0,8.0,JP Faulkner,Sawai Mansingh Stadium,VA Kulkarni,K Srinath,
416,416,,,417,2013,6,4/27/2013,2,5,2,2,normal,0.0,2,58.0,0.0,DR Smith,Wankhede Stadium,Asad Rauf,S Asnani,
417,417,,,418,2013,12,4/28/2013,9,6,6,1,normal,0.0,9,14.0,0.0,MEK Hussey,"MA Chidambaram Stadium, Chepauk",Aleem Dar,SJA Taufel,
418,418,,,419,2013,27,4/28/2013,7,13,13,1,normal,0.0,7,15.0,0.0,DA Warner,Shaheed Veer Narayan Singh International Stadium,CK Nandan,S Ravi,
419,419,,,420,2013,11,4/29/2013,5,10,10,1,normal,0.0,10,0.0,4.0,SV Samson,Sawai Mansingh Stadium,M Erasmus,K Srinath,
420,420,,,421,2013,6,4/29/2013,2,8,2,2,normal,0.0,2,4.0,0.0,RG Sharma,Wankhede Stadium,Asad Rauf,AK Chaudhary,
421,421,,,422,2013,2,4/30/2013,9,13,9,2,normal,0.0,9,37.0,0.0,MS Dhoni,Subrata Roy Sahara Stadium,S Das,SJA Taufel,
422,422,,,423,2013,1,5/1/2013,2,1,2,2,normal,0.0,1,0.0,7.0,I Sharma,"Rajiv Gandhi International Stadium, Uppal",Asad Rauf,S Asnani,
423,423,,,424,2013,27,5/1/2013,6,7,6,2,normal,0.0,7,0.0,7.0,DA Warner,Shaheed Veer Narayan Singh International Stadium,HDPK Dharmasena,CK Nandan,
424,424,,,425,2013,12,5/2/2013,9,8,9,2,normal,0.0,9,15.0,0.0,SK Raina,"MA Chidambaram Stadium, Chepauk",M Erasmus,VA Kulkarni,
425,425,,,426,2013,2,5/2/2013,5,13,5,2,normal,0.0,5,17.0,0.0,AB de Villiers,Subrata Roy Sahara Stadium,Aleem Dar,C Shamshuddin,
426,426,,,427,2013,7,5/3/2013,10,6,10,2,normal,0.0,6,0.0,8.0,YK Pathan,Eden Gardens,HDPK Dharmasena,CK Nandan,
427,427,,,428,2013,1,5/4/2013,7,1,7,2,normal,0.0,1,0.0,6.0,DJG Sammy,"Rajiv Gandhi International Stadium, Uppal",Asad Rauf,S Asnani,
428,428,,,429,2013,5,5/14/2013,5,8,8,1,normal,0.0,8,0.0,7.0,AC Gilchrist,M Chinnaswamy Stadium,HDPK Dharmasena,S Ravi,
429,429,,,430,2013,6,5/5/2013,2,9,2,2,normal,0.0,2,60.0,0.0,MG Johnson,Wankhede Stadium,HDPK Dharmasena,CK Nandan,
430,430,,,431,2013,11,5/5/2013,13,10,13,2,normal,0.0,10,0.0,5.0,AM Rahane,Sawai Mansingh Stadium,C Shamshuddin,RJ Tucker,
431,431,,,432,2013,5,4/9/2013,1,5,1,2,normal,0.0,5,0.0,7.0,V Kohli,M Chinnaswamy Stadium,S Ravi,SJA Taufel,
432,432,,,433,2013,11,5/7/2013,7,10,7,2,normal,0.0,10,0.0,9.0,AM Rahane,Sawai Mansingh Stadium,Aleem Dar,RJ Tucker,
433,433,,,434,2013,6,5/7/2013,2,6,2,2,normal,0.0,2,65.0,0.0,SR Tendulkar,Wankhede Stadium,HDPK Dharmasena,S Ravi,
434,434,,,435,2013,1,5/8/2013,9,1,1,1,normal,0.0,9,77.0,0.0,SK Raina,"Rajiv Gandhi International Stadium, Uppal",S Das,NJ Llong,
435,435,,,436,2013,9,5/9/2013,8,10,10,1,normal,0.0,10,0.0,8.0,KK Cooper,"Punjab Cricket Association Stadium, Mohali",HDPK Dharmasena,S Ravi,
436,436,,,437,2013,2,5/9/2013,6,13,6,2,normal,0.0,6,46.0,0.0,G Gambhir,Subrata Roy Sahara Stadium,Asad Rauf,S Asnani,
437,437,,,438,2013,8,5/10/2013,5,7,7,1,normal,0.0,5,4.0,0.0,JD Unadkat,Feroz Shah Kotla,NJ Llong,K Srinath,
438,438,,,439,2013,2,5/11/2013,13,2,13,2,normal,0.0,2,0.0,5.0,MG Johnson,Subrata Roy Sahara Stadium,Asad Rauf,AK Chaudhary,
439,439,,,440,2013,9,5/11/2013,1,8,8,1,normal,0.0,1,30.0,0.0,PA Patel,"Punjab Cricket Association Stadium, Mohali",S Das,RJ Tucker,
440,440,,,441,2013,28,5/12/2013,5,6,6,1,normal,0.0,6,0.0,5.0,JH Kallis,JSCA International Stadium Complex,NJ Llong,K Srinath,
441,441,,,442,2013,11,5/12/2013,9,10,10,1,normal,0.0,10,0.0,5.0,SR Watson,Sawai Mansingh Stadium,HDPK Dharmasena,CK Nandan,
442,442,,,443,2013,8,4/23/2013,7,8,8,1,normal,0.0,8,0.0,5.0,Harmeet Singh,Feroz Shah Kotla,VA Kulkarni,K Srinath,
443,443,,,444,2013,6,5/13/2013,1,2,1,2,normal,0.0,2,0.0,7.0,KA Pollard,Wankhede Stadium,AK Chaudhary,SJA Taufel,
444,444,,,445,2013,28,5/15/2013,13,6,6,1,normal,0.0,13,7.0,0.0,MK Pandey,JSCA International Stadium Complex,NJ Llong,K Srinath,
445,445,,,446,2013,12,5/14/2013,9,7,9,2,normal,0.0,9,33.0,0.0,MS Dhoni,"MA Chidambaram Stadium, Chepauk",C Shamshuddin,RJ Tucker,
446,446,,,447,2013,6,5/15/2013,2,10,10,1,normal,0.0,2,14.0,0.0,AP Tare,Wankhede Stadium,Asad Rauf,S Asnani,
447,447,,,448,2013,9,5/6/2013,5,8,8,1,normal,0.0,8,0.0,6.0,DA Miller,"Punjab Cricket Association Stadium, Mohali",VA Kulkarni,NJ Llong,
448,448,,,449,2013,1,5/17/2013,1,10,1,2,normal,0.0,1,23.0,0.0,A Mishra,"Rajiv Gandhi International Stadium, Uppal",Asad Rauf,AK Chaudhary,
449,449,,,450,2013,24,5/18/2013,8,2,2,1,normal,0.0,8,50.0,0.0,Azhar Mahmood,Himachal Pradesh Cricket Association Stadium,HDPK Dharmasena,CK Nandan,
450,450,,,451,2013,2,5/19/2013,13,7,13,2,normal,0.0,13,38.0,0.0,LJ Wright,Subrata Roy Sahara Stadium,NJ Llong,SJA Taufel,
451,451,,,452,2013,5,5/18/2013,5,9,9,1,normal,0.0,5,24.0,0.0,V Kohli,M Chinnaswamy Stadium,C Shamshuddin,RJ Tucker,
452,452,,,453,2013,1,5/19/2013,6,1,6,2,normal,0.0,1,0.0,5.0,PA Patel,"Rajiv Gandhi International Stadium, Uppal",Asad Rauf,S Asnani,
453,453,,,454,2013,8,5/21/2013,9,2,9,2,normal,0.0,9,48.0,0.0,MEK Hussey,Feroz Shah Kotla,NJ Llong,RJ Tucker,
454,454,,,455,2013,8,5/22/2013,1,10,1,2,normal,0.0,10,0.0,4.0,BJ Hodge,Feroz Shah Kotla,S Ravi,RJ Tucker,
455,455,,,456,2013,7,5/24/2013,10,2,10,2,normal,0.0,2,0.0,4.0,Harbhajan Singh,Eden Gardens,C Shamshuddin,SJA Taufel,
456,456,,,457,2013,7,5/26/2013,2,9,2,2,normal,0.0,2,23.0,0.0,KA Pollard,Eden Gardens,HDPK Dharmasena,SJA Taufel,
457,457,,,458,2014,29,4/16/2014,6,2,6,2,normal,0.0,6,41.0,0.0,JH Kallis,Sheikh Zayed Stadium,M Erasmus,RK Illingworth,
458,458,,,459,2014,30,4/17/2014,7,5,5,1,normal,0.0,5,0.0,8.0,YS Chahal,Sharjah Cricket Stadium,Aleem Dar,S Ravi,
459,459,,,460,2014,29,4/18/2014,9,8,9,2,normal,0.0,8,0.0,6.0,GJ Maxwell,Sheikh Zayed Stadium,RK Illingworth,C Shamshuddin,
460,460,,,461,2014,29,4/18/2014,1,10,10,1,normal,0.0,10,0.0,4.0,AM Rahane,Sheikh Zayed Stadium,BF Bowden,RK Illingworth,
461,461,,,462,2014,31,4/19/2014,2,5,5,1,normal,0.0,5,0.0,7.0,PA Patel,Dubai International Cricket Stadium,Aleem Dar,AK Chaudhary,
462,462,,,463,2014,31,4/19/2014,6,7,6,2,normal,0.0,7,0.0,4.0,JP Duminy,Dubai International Cricket Stadium,Aleem Dar,VA Kulkarni,
463,463,,,464,2014,30,4/20/2014,10,8,8,1,normal,0.0,8,0.0,7.0,GJ Maxwell,Sharjah Cricket Stadium,BF Bowden,M Erasmus,
464,464,,,465,2014,29,4/21/2014,9,7,9,2,normal,0.0,9,93.0,0.0,SK Raina,Sheikh Zayed Stadium,RK Illingworth,C Shamshuddin,
465,465,,,466,2014,30,4/22/2014,8,1,1,1,normal,0.0,8,72.0,0.0,GJ Maxwell,Sharjah Cricket Stadium,M Erasmus,S Ravi,
466,466,,,467,2014,31,4/23/2014,9,10,10,1,normal,0.0,9,7.0,0.0,RA Jadeja,Dubai International Cricket Stadium,HDPK Dharmasena,RK Illingworth,
467,467,,,468,2014,30,4/24/2014,6,5,5,1,normal,0.0,6,2.0,0.0,CA Lynn,Sharjah Cricket Stadium,Aleem Dar,VA Kulkarni,
468,468,,,469,2014,31,4/25/2014,1,7,1,2,normal,0.0,1,4.0,0.0,AJ Finch,Dubai International Cricket Stadium,M Erasmus,S Ravi,
469,469,,,470,2014,31,4/25/2014,2,9,2,2,normal,0.0,9,0.0,7.0,MM Sharma,Dubai International Cricket Stadium,BF Bowden,M Erasmus,
470,470,,,471,2014,29,4/26/2014,5,10,10,1,normal,0.0,10,0.0,6.0,PV Tambe,Sheikh Zayed Stadium,HDPK Dharmasena,C Shamshuddin,
471,471,,,472,2014,29,4/26/2014,8,6,6,1,normal,0.0,8,23.0,0.0,Sandeep Sharma,Sheikh Zayed Stadium,HDPK Dharmasena,RK Illingworth,
472,472,,,473,2014,30,4/27/2014,2,7,2,2,normal,0.0,7,0.0,6.0,M Vijay,Sharjah Cricket Stadium,Aleem Dar,VA Kulkarni,
473,473,,,474,2014,30,4/27/2014,1,9,1,2,normal,0.0,9,0.0,5.0,DR Smith,Sharjah Cricket Stadium,AK Chaudhary,VA Kulkarni,
474,474,,,475,2014,31,4/28/2014,5,8,8,1,normal,0.0,8,0.0,5.0,Sandeep Sharma,Dubai International Cricket Stadium,BF Bowden,S Ravi,
475,475,,,476,2014,29,4/29/2014,10,6,10,2,tie,0.0,10,0.0,0.0,JP Faulkner,Sheikh Zayed Stadium,Aleem Dar,AK Chaudhary,
476,476,,,477,2014,31,4/30/2014,1,2,2,1,normal,0.0,1,15.0,0.0,B Kumar,Dubai International Cricket Stadium,HDPK Dharmasena,M Erasmus,
477,477,,,478,2014,28,5/2/2014,9,6,9,2,normal,0.0,9,34.0,0.0,RA Jadeja,JSCA International Stadium Complex,AK Chaudhary,NJ Llong,
478,478,,,479,2014,6,5/3/2014,8,2,8,2,normal,0.0,2,0.0,5.0,CJ Anderson,Wankhede Stadium,BNJ Oxenford,C Shamshuddin,
479,479,,,480,2014,8,5/3/2014,7,10,10,1,normal,0.0,10,0.0,7.0,KK Nair,Feroz Shah Kotla,SS Hazare,S Ravi,
480,480,,,481,2014,5,5/4/2014,1,5,5,1,normal,0.0,5,0.0,4.0,AB de Villiers,M Chinnaswamy Stadium,HDPK Dharmasena,VA Kulkarni,
481,481,,,482,2014,21,5/5/2014,10,6,6,1,normal,0.0,10,10.0,0.0,PV Tambe,"Sardar Patel Stadium, Motera",NJ Llong,CK Nandan,
482,482,,,483,2014,8,5/5/2014,7,9,9,1,normal,0.0,9,0.0,8.0,DR Smith,Feroz Shah Kotla,RM Deshpande,BNJ Oxenford,
483,483,,,484,2014,6,5/6/2014,2,5,5,1,normal,0.0,2,19.0,0.0,RG Sharma,Wankhede Stadium,S Ravi,K Srinath,
484,484,,,485,2014,8,5/7/2014,7,6,7,2,normal,0.0,6,0.0,8.0,G Gambhir,Feroz Shah Kotla,BNJ Oxenford,C Shamshuddin,
485,485,,,486,2014,22,5/7/2014,8,9,9,1,normal,0.0,8,44.0,0.0,GJ Maxwell,Barabati Stadium,HDPK Dharmasena,PG Pathak,
486,486,,,487,2014,21,5/8/2014,1,10,10,1,normal,0.0,1,32.0,0.0,B Kumar,"Sardar Patel Stadium, Motera",AK Chaudhary,NJ Llong,
487,487,,,488,2014,5,5/9/2014,8,5,5,1,normal,0.0,8,32.0,0.0,Sandeep Sharma,M Chinnaswamy Stadium,S Ravi,K Srinath,
488,488,,,489,2014,8,5/10/2014,7,1,1,1,normal,1.0,1,0.0,8.0,DW Steyn,Feroz Shah Kotla,RM Deshpande,BNJ Oxenford,
489,489,,,490,2014,6,5/10/2014,2,9,9,1,normal,0.0,9,0.0,4.0,DR Smith,Wankhede Stadium,HDPK Dharmasena,VA Kulkarni,
490,490,,,491,2014,22,5/11/2014,8,6,6,1,normal,0.0,6,0.0,9.0,G Gambhir,Barabati Stadium,NJ Llong,CK Nandan,
491,491,,,492,2014,5,5/11/2014,5,10,5,2,normal,0.0,10,0.0,5.0,JP Faulkner,M Chinnaswamy Stadium,S Ravi,RJ Tucker,
492,492,,,493,2014,1,5/12/2014,1,2,1,2,normal,0.0,2,0.0,7.0,AT Rayudu,"Rajiv Gandhi International Stadium, Uppal",HDPK Dharmasena,VA Kulkarni,
493,493,,,494,2014,28,5/13/2014,10,9,10,2,normal,0.0,9,0.0,5.0,RA Jadeja,JSCA International Stadium Complex,BNJ Oxenford,C Shamshuddin,
494,494,,,495,2014,5,5/13/2014,5,7,7,1,normal,0.0,5,16.0,0.0,Yuvraj Singh,M Chinnaswamy Stadium,K Srinath,RJ Tucker,
495,495,,,496,2014,1,5/14/2014,1,8,8,1,normal,0.0,8,0.0,6.0,WP Saha,"Rajiv Gandhi International Stadium, Uppal",VA Kulkarni,PG Pathak,
496,496,,,497,2014,22,5/14/2014,2,6,6,1,normal,0.0,6,0.0,6.0,RV Uthappa,Barabati Stadium,AK Chaudhary,NJ Llong,
497,497,,,498,2014,21,5/15/2014,10,7,7,1,normal,0.0,10,62.0,0.0,AM Rahane,"Sardar Patel Stadium, Motera",S Ravi,RJ Tucker,
498,498,,,499,2014,28,5/18/2014,9,5,9,2,normal,0.0,5,0.0,5.0,AB de Villiers,JSCA International Stadium Complex,BNJ Oxenford,C Shamshuddin,
499,499,,,500,2014,1,5/18/2014,1,6,1,2,normal,0.0,6,0.0,7.0,UT Yadav,"Rajiv Gandhi International Stadium, Uppal",NJ Llong,CK Nandan,
500,500,,,501,2014,21,5/19/2014,2,10,2,2,normal,0.0,2,25.0,0.0,MEK Hussey,"Sardar Patel Stadium, Motera",S Ravi,RJ Tucker,
501,501,,,502,2014,8,5/19/2014,7,8,8,1,normal,0.0,8,0.0,4.0,AR Patel,Feroz Shah Kotla,HDPK Dharmasena,PG Pathak,
502,502,,,503,2014,1,5/20/2014,5,1,5,2,normal,0.0,1,0.0,7.0,DA Warner,"Rajiv Gandhi International Stadium, Uppal",AK Chaudhary,NJ Llong,
503,503,,,504,2014,7,5/20/2014,9,6,6,1,normal,0.0,6,0.0,8.0,RV Uthappa,Eden Gardens,RM Deshpande,C Shamshuddin,
504,504,,,505,2014,9,5/21/2014,8,2,2,1,normal,0.0,2,0.0,7.0,LMP Simmons,"Punjab Cricket Association Stadium, Mohali",HDPK Dharmasena,VA Kulkarni,
505,505,,,506,2014,7,5/22/2014,6,5,5,1,normal,0.0,6,30.0,0.0,RV Uthappa,Eden Gardens,AK Chaudhary,CK Nandan,
506,506,,,507,2014,28,5/22/2014,9,1,1,1,normal,0.0,1,0.0,6.0,DA Warner,JSCA International Stadium Complex,BNJ Oxenford,C Shamshuddin,
507,507,,,508,2014,6,5/23/2014,2,7,7,1,normal,0.0,2,15.0,0.0,MEK Hussey,Wankhede Stadium,S Ravi,RJ Tucker,
508,508,,,509,2014,9,5/23/2014,8,10,10,1,normal,0.0,8,16.0,0.0,SE Marsh,"Punjab Cricket Association Stadium, Mohali",HDPK Dharmasena,PG Pathak,
509,509,,,510,2014,5,5/24/2014,5,9,9,1,normal,0.0,9,0.0,8.0,MS Dhoni,M Chinnaswamy Stadium,AK Chaudhary,NJ Llong,
510,510,,,511,2014,7,5/24/2014,1,6,6,1,normal,0.0,6,0.0,4.0,YK Pathan,Eden Gardens,RM Deshpande,BNJ Oxenford,
511,511,,,512,2014,9,5/25/2014,7,8,8,1,normal,0.0,8,0.0,7.0,M Vohra,"Punjab Cricket Association Stadium, Mohali",HDPK Dharmasena,VA Kulkarni,
512,512,,,513,2014,6,5/25/2014,10,2,2,1,normal,0.0,2,0.0,5.0,CJ Anderson,Wankhede Stadium,K Srinath,RJ Tucker,
513,513,,,514,2014,7,5/27/2014,6,8,8,1,normal,0.0,6,28.0,0.0,UT Yadav,Eden Gardens,NJ Llong,S Ravi,
514,514,,,515,2014,6,5/28/2014,2,9,9,1,normal,0.0,9,0.0,7.0,SK Raina,Brabourne Stadium,VA Kulkarni,BNJ Oxenford,
515,515,,,516,2014,6,5/30/2014,8,9,9,1,normal,0.0,8,24.0,0.0,V Sehwag,Wankhede Stadium,HDPK Dharmasena,RJ Tucker,
516,516,,,517,2014,5,6/1/2014,8,6,6,1,normal,0.0,6,0.0,3.0,MK Pandey,M Chinnaswamy Stadium,HDPK Dharmasena,BNJ Oxenford,
517,517,,,518,2015,7,4/8/2015,2,6,6,1,normal,0.0,6,0.0,7.0,M Morkel,Eden Gardens,S Ravi,C Shamshuddin,
518,518,,,519,2015,12,4/9/2015,9,7,7,1,normal,0.0,9,1.0,0.0,A Nehra,"MA Chidambaram Stadium, Chepauk",RK Illingworth,VA Kulkarni,
519,519,,,520,2015,2,4/10/2015,10,8,8,1,normal,0.0,10,26.0,0.0,JP Faulkner,Maharashtra Cricket Association Stadium,SD Fry,CB Gaffaney,
520,520,,,521,2015,12,4/11/2015,9,1,9,2,normal,0.0,9,45.0,0.0,BB McCullum,"MA Chidambaram Stadium, Chepauk",RK Illingworth,VA Kulkarni,
521,521,,,522,2015,7,4/11/2015,6,5,5,1,normal,0.0,5,0.0,3.0,CH Gayle,Eden Gardens,S Ravi,C Shamshuddin,
522,522,,,523,2015,8,4/12/2015,7,10,10,1,normal,0.0,10,0.0,3.0,DJ Hooda,Feroz Shah Kotla,SD Fry,CB Gaffaney,
523,523,,,524,2015,6,4/12/2015,8,2,2,1,normal,0.0,8,18.0,0.0,GJ Bailey,Wankhede Stadium,AK Chaudhary,K Srinivasan,
524,524,,,525,2015,5,4/13/2015,5,1,1,1,normal,0.0,1,0.0,8.0,DA Warner,M Chinnaswamy Stadium,RM Deshpande,RK Illingworth,
525,525,,,526,2015,21,4/14/2015,2,10,2,2,normal,0.0,10,0.0,7.0,SPD Smith,"Sardar Patel Stadium, Motera",AK Chaudhary,SD Fry,
526,526,,,527,2015,7,4/30/2015,9,6,6,1,normal,0.0,6,0.0,7.0,AD Russell,Eden Gardens,AK Chaudhary,M Erasmus,
527,527,,,528,2015,2,4/15/2015,8,7,8,2,normal,0.0,7,0.0,5.0,MA Agarwal,Maharashtra Cricket Association Stadium,CB Gaffaney,K Srinath,
528,528,,,529,2015,26,4/16/2015,1,10,10,1,normal,0.0,10,0.0,6.0,AM Rahane,Dr. Y.S. Rajasekhara Reddy ACA-VDCA Cricket Stadium,PG Pathak,S Ravi,
529,529,,,530,2015,6,4/17/2015,2,9,2,2,normal,0.0,9,0.0,6.0,A Nehra,Wankhede Stadium,AK Chaudhary,M Erasmus,
530,530,,,531,2015,26,4/18/2015,7,1,7,2,normal,0.0,7,4.0,0.0,JP Duminy,Dr. Y.S. Rajasekhara Reddy ACA-VDCA Cricket Stadium,PG Pathak,S Ravi,
531,531,,,532,2015,2,4/18/2015,8,6,6,1,normal,0.0,6,0.0,4.0,AD Russell,Maharashtra Cricket Association Stadium,SD Fry,CK Nandan,
532,532,,,533,2015,21,4/19/2015,9,10,9,2,normal,0.0,10,0.0,8.0,AM Rahane,"Sardar Patel Stadium, Motera",AK Chaudhary,M Erasmus,
533,533,,,534,2015,5,4/19/2015,2,5,5,1,normal,0.0,2,18.0,0.0,Harbhajan Singh,M Chinnaswamy Stadium,RK Illingworth,VA Kulkarni,
534,534,,,535,2015,8,4/20/2015,7,6,6,1,normal,0.0,6,0.0,6.0,UT Yadav,Feroz Shah Kotla,SD Fry,CB Gaffaney,
535,535,,,536,2015,21,4/21/2015,10,8,8,1,tie,0.0,8,0.0,0.0,SE Marsh,"Sardar Patel Stadium, Motera",M Erasmus,S Ravi,
536,536,,,537,2015,26,4/22/2015,1,6,6,1,normal,1.0,1,16.0,0.0,DA Warner,Dr. Y.S. Rajasekhara Reddy ACA-VDCA Cricket Stadium,RK Illingworth,VA Kulkarni,
537,537,,,538,2015,5,4/22/2015,9,5,5,1,normal,0.0,9,27.0,0.0,SK Raina,M Chinnaswamy Stadium,JD Cloete,C Shamshuddin,
538,538,,,539,2015,8,4/23/2015,7,2,2,1,normal,0.0,7,37.0,0.0,SS Iyer,Feroz Shah Kotla,SD Fry,CK Nandan,
539,539,,,540,2015,21,4/24/2015,10,5,5,1,normal,0.0,5,0.0,9.0,MA Starc,"Sardar Patel Stadium, Motera",M Erasmus,S Ravi,
540,540,,,541,2015,6,4/25/2015,2,1,2,2,normal,0.0,2,20.0,0.0,SL Malinga,Wankhede Stadium,HDPK Dharmasena,CB Gaffaney,
541,541,,,542,2015,12,4/25/2015,9,8,9,2,normal,0.0,9,97.0,0.0,BB McCullum,"MA Chidambaram Stadium, Chepauk",JD Cloete,C Shamshuddin,
542,542,,,543,2015,8,4/26/2015,7,5,5,1,normal,0.0,5,0.0,10.0,VR Aaron,Feroz Shah Kotla,M Erasmus,S Ravi,
543,543,,,544,2015,9,4/27/2015,1,8,8,1,normal,0.0,1,20.0,0.0,TA Boult,"Punjab Cricket Association Stadium, Mohali",HDPK Dharmasena,CB Gaffaney,
544,544,,,545,2015,7,5/7/2015,6,7,6,2,normal,0.0,6,13.0,0.0,PP Chawla,Eden Gardens,AK Chaudhary,M Erasmus,
545,545,,,546,2015,5,4/29/2015,5,10,10,1,no result,0.0,no result,0.0,0.0,,M Chinnaswamy Stadium,JD Cloete,PG Pathak,
546,546,,,547,2015,12,4/28/2015,9,6,6,1,normal,0.0,9,2.0,0.0,DJ Bravo,"MA Chidambaram Stadium, Chepauk",RM Deshpande,VA Kulkarni,
547,547,,,548,2015,8,5/1/2015,8,7,7,1,normal,0.0,7,0.0,9.0,NM Coulter-Nile,Feroz Shah Kotla,RK Illingworth,S Ravi,
548,548,,,549,2015,6,5/1/2015,2,10,10,1,normal,0.0,2,8.0,0.0,AT Rayudu,Wankhede Stadium,HDPK Dharmasena,CK Nandan,
549,549,,,550,2015,5,5/2/2015,6,5,5,1,normal,0.0,5,0.0,7.0,Mandeep Singh,M Chinnaswamy Stadium,JD Cloete,PG Pathak,
550,550,,,551,2015,1,5/2/2015,1,9,9,1,normal,0.0,1,22.0,0.0,DA Warner,"Rajiv Gandhi International Stadium, Uppal",AK Chaudhary,K Srinivasan,
551,551,,,552,2015,9,5/3/2015,2,8,2,2,normal,0.0,2,23.0,0.0,LMP Simmons,"Punjab Cricket Association Stadium, Mohali",RK Illingworth,VA Kulkarni,
552,552,,,553,2015,6,5/3/2015,10,7,7,1,normal,0.0,10,14.0,0.0,AM Rahane,Brabourne Stadium,HDPK Dharmasena,CB Gaffaney,
553,553,,,554,2015,12,5/4/2015,9,5,9,2,normal,0.0,9,24.0,0.0,SK Raina,"MA Chidambaram Stadium, Chepauk",C Shamshuddin,K Srinath,
554,554,,,555,2015,7,5/4/2015,6,1,1,1,normal,0.0,6,35.0,0.0,UT Yadav,Eden Gardens,AK Chaudhary,M Erasmus,
555,555,,,556,2015,6,5/5/2015,7,2,7,2,normal,0.0,2,0.0,5.0,Harbhajan Singh,Wankhede Stadium,HDPK Dharmasena,CB Gaffaney,
556,556,,,557,2015,5,5/6/2015,5,8,8,1,normal,0.0,5,138.0,0.0,CH Gayle,M Chinnaswamy Stadium,RK Illingworth,VA Kulkarni,
557,557,,,558,2015,6,5/7/2015,1,10,10,1,normal,0.0,1,7.0,0.0,EJG Morgan,Brabourne Stadium,JD Cloete,C Shamshuddin,
558,558,,,559,2015,12,5/8/2015,9,2,9,2,normal,0.0,2,0.0,6.0,HH Pandya,"MA Chidambaram Stadium, Chepauk",CB Gaffaney,CK Nandan,
559,559,,,560,2015,7,5/9/2015,8,6,8,2,normal,0.0,6,0.0,1.0,AD Russell,Eden Gardens,AK Chaudhary,HDPK Dharmasena,
560,560,,,561,2015,27,5/9/2015,1,7,1,2,normal,0.0,1,6.0,0.0,MC Henriques,Shaheed Veer Narayan Singh International Stadium,VA Kulkarni,S Ravi,
561,561,,,562,2015,6,5/10/2015,5,2,5,2,normal,0.0,5,39.0,0.0,AB de Villiers,Wankhede Stadium,JD Cloete,C Shamshuddin,
562,562,,,563,2015,12,5/10/2015,9,10,9,2,normal,0.0,9,12.0,0.0,RA Jadeja,"MA Chidambaram Stadium, Chepauk",M Erasmus,CK Nandan,
563,563,,,564,2015,1,5/11/2015,1,8,1,2,normal,0.0,1,5.0,0.0,DA Warner,"Rajiv Gandhi International Stadium, Uppal",AK Chaudhary,HDPK Dharmasena,
564,564,,,565,2015,27,5/12/2015,9,7,9,2,normal,0.0,7,0.0,6.0,Z Khan,Shaheed Veer Narayan Singh International Stadium,RK Illingworth,VA Kulkarni,
565,565,,,566,2015,9,5/13/2015,8,5,5,1,normal,0.0,8,22.0,0.0,AR Patel,"Punjab Cricket Association Stadium, Mohali",JD Cloete,C Shamshuddin,
566,566,,,567,2015,6,5/14/2015,2,6,6,1,normal,0.0,2,5.0,0.0,HH Pandya,Wankhede Stadium,RK Illingworth,VA Kulkarni,
567,567,,,568,2015,1,5/15/2015,1,5,1,2,normal,1.0,5,0.0,6.0,V Kohli,"Rajiv Gandhi International Stadium, Uppal",AK Chaudhary,HDPK Dharmasena,
568,568,,,569,2015,9,5/16/2015,8,9,8,2,normal,0.0,9,0.0,7.0,P Negi,"Punjab Cricket Association Stadium, Mohali",CK Nandan,C Shamshuddin,
569,569,,,570,2015,6,5/16/2015,10,6,10,2,normal,0.0,10,9.0,0.0,SR Watson,Brabourne Stadium,RM Deshpande,RK Illingworth,
570,570,,,571,2015,5,5/17/2015,7,5,5,1,no result,0.0,no result,0.0,0.0,,M Chinnaswamy Stadium,HDPK Dharmasena,K Srinivasan,
571,571,,,572,2015,1,5/17/2015,1,2,1,2,normal,0.0,2,0.0,9.0,MJ McClenaghan,"Rajiv Gandhi International Stadium, Uppal",CB Gaffaney,K Srinath,
572,572,,,573,2015,6,5/19/2015,2,9,2,2,normal,0.0,2,25.0,0.0,KA Pollard,Wankhede Stadium,HDPK Dharmasena,RK Illingworth,
573,573,,,574,2015,2,5/20/2015,5,10,5,2,normal,0.0,5,71.0,0.0,AB de Villiers,Maharashtra Cricket Association Stadium,AK Chaudhary,C Shamshuddin,
574,574,,,575,2015,28,5/22/2015,5,9,9,1,normal,0.0,9,0.0,3.0,A Nehra,JSCA International Stadium Complex,AK Chaudhary,CB Gaffaney,
575,575,,,576,2015,7,5/24/2015,2,9,9,1,normal,0.0,2,41.0,0.0,RG Sharma,Eden Gardens,HDPK Dharmasena,RK Illingworth,
576,576,,,577,2016,6,4/9/2016,2,14,2,2,normal,0.0,14,0.0,9.0,AM Rahane,Wankhede Stadium,HDPK Dharmasena,CK Nandan,
577,577,,,578,2016,7,4/10/2016,7,6,6,1,normal,0.0,6,0.0,9.0,AD Russell,Eden Gardens,S Ravi,C Shamshuddin,
578,578,,,579,2016,9,4/11/2016,8,3,3,1,normal,0.0,3,0.0,5.0,AJ Finch,"Punjab Cricket Association IS Bindra Stadium, Mohali",AK Chaudhary,VA Kulkarni,
579,579,,,580,2016,5,4/12/2016,5,1,1,1,normal,0.0,5,45.0,0.0,AB de Villiers,M Chinnaswamy Stadium,HDPK Dharmasena,VK Sharma,
580,580,,,581,2016,7,4/13/2016,6,2,2,1,normal,0.0,2,0.0,6.0,RG Sharma,Eden Gardens,Nitin Menon,S Ravi,
581,581,,,582,2016,3,4/14/2016,14,3,14,2,normal,0.0,3,0.0,7.0,AJ Finch,Saurashtra Cricket Association Stadium,VA Kulkarni,CK Nandan,
582,582,,,583,2016,8,4/15/2016,8,7,7,1,normal,0.0,7,0.0,8.0,A Mishra,Feroz Shah Kotla,S Ravi,C Shamshuddin,
583,583,,,584,2016,1,4/16/2016,1,6,1,2,normal,0.0,6,0.0,8.0,G Gambhir,"Rajiv Gandhi International Stadium, Uppal",AK Chaudhary,CK Nandan,
584,584,,,585,2016,6,4/16/2016,2,3,3,1,normal,0.0,3,0.0,3.0,AJ Finch,Wankhede Stadium,HDPK Dharmasena,VK Sharma,
585,585,,,586,2016,9,4/17/2016,14,8,14,2,normal,0.0,8,0.0,6.0,M Vohra,"Punjab Cricket Association IS Bindra Stadium, Mohali",S Ravi,C Shamshuddin,
586,586,,,587,2016,5,4/17/2016,5,7,7,1,normal,0.0,7,0.0,7.0,Q de Kock,M Chinnaswamy Stadium,VA Kulkarni,A Nand Kishore,
587,587,,,588,2016,1,4/18/2016,2,1,1,1,normal,0.0,1,0.0,7.0,DA Warner,"Rajiv Gandhi International Stadium, Uppal",HDPK Dharmasena,VK Sharma,
588,588,,,589,2016,9,4/19/2016,8,6,6,1,normal,0.0,6,0.0,6.0,RV Uthappa,"Punjab Cricket Association IS Bindra Stadium, Mohali",S Ravi,C Shamshuddin,
589,589,,,590,2016,6,4/20/2016,5,2,2,1,normal,0.0,2,0.0,6.0,RG Sharma,Wankhede Stadium,AK Chaudhary,CK Nandan,
590,590,,,591,2016,3,4/21/2016,3,1,1,1,normal,0.0,1,0.0,10.0,B Kumar,Saurashtra Cricket Association Stadium,K Bharatan,HDPK Dharmasena,
591,591,,,592,2016,2,4/22/2016,5,14,14,1,normal,0.0,5,13.0,0.0,AB de Villiers,Maharashtra Cricket Association Stadium,CB Gaffaney,VK Sharma,
592,592,,,593,2016,8,4/23/2016,7,2,2,1,normal,0.0,7,10.0,0.0,SV Samson,Feroz Shah Kotla,S Ravi,C Shamshuddin,
593,593,,,594,2016,1,4/23/2016,8,1,1,1,normal,0.0,1,0.0,5.0,Mustafizur Rahman,"Rajiv Gandhi International Stadium, Uppal",AK Chaudhary,CK Nandan,
594,594,,,595,2016,3,4/24/2016,5,3,5,2,normal,0.0,3,0.0,6.0,V Kohli,Saurashtra Cricket Association Stadium,K Bharatan,BNJ Oxenford,
595,595,,,596,2016,2,4/24/2016,14,6,6,1,normal,0.0,6,0.0,2.0,SA Yadav,Maharashtra Cricket Association Stadium,CB Gaffaney,A Nand Kishore,
596,596,,,597,2016,9,4/25/2016,2,8,8,1,normal,0.0,2,25.0,0.0,PA Patel,"Punjab Cricket Association IS Bindra Stadium, Mohali",Nitin Menon,RJ Tucker,
597,597,,,598,2016,1,4/26/2016,1,14,14,1,normal,1.0,14,34.0,0.0,AB Dinda,"Rajiv Gandhi International Stadium, Uppal",AY Dandekar,CK Nandan,
598,598,,,599,2016,8,4/27/2016,3,7,7,1,normal,0.0,3,1.0,0.0,CH Morris,Feroz Shah Kotla,M Erasmus,S Ravi,
599,599,,,600,2016,6,4/28/2016,6,2,2,1,normal,0.0,2,0.0,6.0,RG Sharma,Wankhede Stadium,Nitin Menon,RJ Tucker,
600,600,,,601,2016,2,4/29/2016,14,3,3,1,normal,0.0,3,0.0,3.0,DR Smith,Maharashtra Cricket Association Stadium,CB Gaffaney,BNJ Oxenford,
601,601,,,602,2016,8,4/30/2016,7,6,6,1,normal,0.0,7,27.0,0.0,CR Brathwaite,Feroz Shah Kotla,KN Ananthapadmanabhan,M Erasmus,
602,602,,,603,2016,1,4/30/2016,1,5,5,1,normal,0.0,1,15.0,0.0,DA Warner,"Rajiv Gandhi International Stadium, Uppal",AK Chaudhary,HDPK Dharmasena,
603,603,,,604,2016,3,5/1/2016,8,3,3,1,normal,0.0,8,23.0,0.0,AR Patel,Saurashtra Cricket Association Stadium,BNJ Oxenford,VK Sharma,
604,604,,,605,2016,2,5/1/2016,14,2,2,1,normal,0.0,2,0.0,8.0,RG Sharma,Maharashtra Cricket Association Stadium,AY Dandekar,RJ Tucker,
605,605,,,606,2016,5,5/2/2016,5,6,6,1,normal,0.0,6,0.0,5.0,AD Russell,M Chinnaswamy Stadium,M Erasmus,S Ravi,
606,606,,,607,2016,3,5/3/2016,3,7,7,1,normal,0.0,7,0.0,8.0,RR Pant,Saurashtra Cricket Association Stadium,CB Gaffaney,BNJ Oxenford,
607,607,,,608,2016,7,5/4/2016,6,8,8,1,normal,0.0,6,7.0,0.0,AD Russell,Eden Gardens,AK Chaudhary,HDPK Dharmasena,
608,608,,,609,2016,8,5/5/2016,7,14,14,1,normal,0.0,14,0.0,7.0,AM Rahane,Feroz Shah Kotla,C Shamshuddin,RJ Tucker,
609,609,,,610,2016,1,5/6/2016,3,1,1,1,normal,0.0,1,0.0,5.0,B Kumar,"Rajiv Gandhi International Stadium, Uppal",M Erasmus,S Ravi,
610,610,,,611,2016,5,5/7/2016,14,5,5,1,normal,0.0,5,0.0,7.0,V Kohli,M Chinnaswamy Stadium,CB Gaffaney,BNJ Oxenford,
611,611,,,612,2016,9,5/7/2016,8,7,7,1,normal,0.0,8,9.0,0.0,MP Stoinis,"Punjab Cricket Association IS Bindra Stadium, Mohali",HDPK Dharmasena,CK Nandan,
612,612,,,613,2016,26,5/8/2016,1,2,2,1,normal,0.0,1,85.0,0.0,A Nehra,Dr. Y.S. Rajasekhara Reddy ACA-VDCA Cricket Stadium,S Ravi,C Shamshuddin,
613,613,,,614,2016,7,5/8/2016,6,3,3,1,normal,0.0,3,0.0,5.0,P Kumar,Eden Gardens,M Erasmus,RJ Tucker,
614,614,,,615,2016,9,5/9/2016,5,8,8,1,normal,0.0,5,1.0,0.0,SR Watson,"Punjab Cricket Association IS Bindra Stadium, Mohali",AK Chaudhary,HDPK Dharmasena,
615,615,,,616,2016,26,5/10/2016,1,14,1,2,normal,0.0,1,4.0,0.0,A Zampa,Dr. Y.S. Rajasekhara Reddy ACA-VDCA Cricket Stadium,CB Gaffaney,VK Sharma,
616,616,,,617,2016,5,5/11/2016,5,2,2,1,normal,0.0,2,0.0,6.0,KH Pandya,M Chinnaswamy Stadium,AY Dandekar,C Shamshuddin,
617,617,,,618,2016,1,5/12/2016,1,7,7,1,normal,0.0,7,0.0,7.0,CH Morris,"Rajiv Gandhi International Stadium, Uppal",K Bharatan,M Erasmus,
618,618,,,619,2016,26,5/13/2016,2,8,2,2,normal,0.0,8,0.0,7.0,MP Stoinis,Dr. Y.S. Rajasekhara Reddy ACA-VDCA Cricket Stadium,HDPK Dharmasena,CK Nandan,
619,619,,,620,2016,5,5/14/2016,5,3,3,1,normal,0.0,5,144.0,0.0,AB de Villiers,M Chinnaswamy Stadium,AY Dandekar,VK Sharma,
620,620,,,621,2016,7,5/14/2016,14,6,14,2,normal,1.0,6,0.0,8.0,YK Pathan,Eden Gardens,A Nand Kishore,BNJ Oxenford,
621,621,,,622,2016,9,5/15/2016,8,1,8,2,normal,0.0,1,0.0,7.0,HM Amla,"Punjab Cricket Association IS Bindra Stadium, Mohali",KN Ananthapadmanabhan,M Erasmus,
622,622,,,623,2016,26,5/15/2016,2,7,7,1,normal,0.0,2,80.0,0.0,KH Pandya,Dr. Y.S. Rajasekhara Reddy ACA-VDCA Cricket Stadium,Nitin Menon,CK Nandan,
623,623,,,624,2016,7,5/16/2016,6,5,5,1,normal,0.0,5,0.0,9.0,V Kohli,Eden Gardens,CB Gaffaney,A Nand Kishore,
624,624,,,625,2016,26,5/17/2016,7,14,14,1,normal,1.0,14,19.0,0.0,AB Dinda,Dr. Y.S. Rajasekhara Reddy ACA-VDCA Cricket Stadium,Nitin Menon,C Shamshuddin,
625,625,,,626,2016,5,5/18/2016,5,8,8,1,normal,1.0,5,82.0,0.0,V Kohli,M Chinnaswamy Stadium,KN Ananthapadmanabhan,M Erasmus,
626,626,,,627,2016,10,5/19/2016,6,3,3,1,normal,0.0,3,0.0,6.0,DR Smith,Green Park,AK Chaudhary,CK Nandan,
627,627,,,628,2016,27,5/20/2016,1,7,7,1,normal,0.0,7,0.0,6.0,KK Nair,Shaheed Veer Narayan Singh International Stadium,A Nand Kishore,BNJ Oxenford,
628,628,,,629,2016,26,5/21/2016,8,14,8,2,normal,0.0,14,0.0,4.0,MS Dhoni,Dr. Y.S. Rajasekhara Reddy ACA-VDCA Cricket Stadium,HDPK Dharmasena,Nitin Menon,
629,629,,,630,2016,10,5/21/2016,2,3,3,1,normal,0.0,3,0.0,6.0,SK Raina,Green Park,AK Chaudhary,CK Nandan,
630,630,,,631,2016,7,5/22/2016,6,1,1,1,normal,0.0,6,22.0,0.0,YK Pathan,Eden Gardens,KN Ananthapadmanabhan,M Erasmus,
631,631,,,632,2016,27,5/22/2016,7,5,5,1,normal,0.0,5,0.0,6.0,V Kohli,Shaheed Veer Narayan Singh International Stadium,A Nand Kishore,BNJ Oxenford,
632,632,,,633,2016,5,5/24/2016,3,5,5,1,normal,0.0,5,0.0,4.0,AB de Villiers,M Chinnaswamy Stadium,AK Chaudhary,HDPK Dharmasena,
633,633,,,634,2016,8,5/25/2016,1,6,6,1,normal,0.0,1,22.0,0.0,MC Henriques,Feroz Shah Kotla,M Erasmus,C Shamshuddin,
634,634,,,635,2016,8,5/27/2016,3,1,1,1,normal,0.0,1,0.0,4.0,DA Warner,Feroz Shah Kotla,M Erasmus,CK Nandan,
635,635,,,636,2016,5,5/29/2016,1,5,1,2,normal,0.0,1,8.0,0.0,BCJ Cutting,M Chinnaswamy Stadium,HDPK Dharmasena,BNJ Oxenford,
636,636,,,637,2018,6,7-Apr,2,9,9,1,,,9,,,,,,,
637,637,,,638,2018,32,8-Apr,7,8,8,1,,,8,,,,,,,
638,638,,,639,2018,7,4/8/2018,5,6,6,1,,,6,,,,,,,
639,639,,,640,2018,1,9-Apr,10,1,1,1,,,10,,,,,,,
640,640,,,641,2018,12,4/10/2018,6,9,9,1,,,9,,,,,,,
641,641,,,642,2018,11,11-Apr,10,7,7,1,,,10,,,,,,,
642,642,,,643,2018,1,4/12/2018,2,1,1,1,,,1,,,,,,,
643,643,,,644,2018,5,13-Apr,8,5,5,1,,,5,,,,,,,
644,644,,,645,2018,6,14-Apr,2,7,7,1,,,7,,,,,,,
645,645,,,646,2018,7,14-Apr,6,1,1,1,,,1,,,,,,,
646,646,,,647,2018,5,15-Apr,10,5,5,1,,,10,,,,,,,
647,647,,,648,2018,32,15-Apr,8,9,9,1,,,8,,,,,,,
648,648,,,649,2018,7,16-Apr,6,7,7,1,,,6,,,,,,,
649,649,,,650,2018,6,17-Apr,2,5,5,1,,,2,,,,,,,
650,650,,,651,2018,11,18-Apr,10,6,6,1,,,6,,,,,,,
651,651,,,652,2018,32,19-Apr,8,1,8,2,,,8,,,,,,,
652,652,,,653,2018,2,20-Apr,9,10,10,1,,,9,,,,,,,
653,653,,,654,2018,7,21-Apr,6,8,8,1,,,8,,,,,,,
654,654,,,655,2018,5,21-Apr,7,5,5,1,,,5,,,,,,,
655,655,,,656,2018,1,22-Apr,9,1,1,1,,,9,,,,,,,
656,656,,,657,2018,11,22-Apr,2,10,2,2,,,10,,,,,,,
657,657,,,658,2018,8,23-Apr,8,7,7,1,,,8,,,,,,,
658,658,,,659,2018,6,24-Apr,1,2,2,1,,,1,,,,,,,
659,659,,,660,2018,5,25-Apr,5,9,9,1,,,9,,,,,,,
660,660,,,661,2018,1,26-Apr,1,8,8,1,,,1,,,,,,,
661,661,,,662,2018,8,27-Apr,7,6,6,1,,,7,,,,,,,
662,662,,,663,2018,2,28-Apr,9,2,2,1,,,2,,,,,,,
663,663,,,664,2018,11,29-Apr,1,10,1,2,,,1,,,,,,,
664,664,,,665,2018,5,29-Apr,6,5,6,1,,,6,,,,,,,
665,665,,,666,2018,2,30-Apr,9,7,7,1,,,9,,,,,,,
666,666,,,667,2018,5,1-May,5,2,2,1,,,5,,,,,,,
667,667,,,668,2018,8,2-May,7,10,10,1,,,7,,,,,,,
668,668,,,669,2018,7,3-May,6,9,6,1,,,6,,,,,,,
669,669,,,670,2018,4,4-May,8,2,2,1,,,2,,,,,,,
